Workbook

Sheet CPX_Summary
A1: DataSet/Point | B1: Comment | C1: Phase | D1: Category | E1: Shape | F1: Grain_Name | G1: Profile_Number | H1: Paired_Grains | I1: Marked_bad | J1: Ignore | K1: Sample | L1: Collection Date | M1: Na2O | N1: MgO | O1: SiO2 | P1: CaO | Q1: Cr2O3 | R1: FeO | S1: K2O | T1: Al2O3 | U1: P2O5 | V1: TiO2 | W1: MnO | X1: NiO | Y1: Total | Z1: Mg# | AA1: Cr# | AB1: X | AC1: Y | AD1: Z | AE1: X-Distance from Edge | AF1: Image_X | AG1: Image_Y | AH1: X_mm | AI1: Y_mm | AJ1: Y_mm_offset | AK1: Edge distance x mm | AL1: Grain Profile Distance to Rim | AN1: Cr2O3 + Al2O3 | AO1: Na2O/Al2O3
B2: exterior summary | C2: cpx | D2: summary avg | J2: yes | K2: GCB1 | L2: 43282 | M2: 0.475615 | N2: 17.048971 | O2: 52.825532 | P2: 22.786213 | Q2: 0.53999813 | R2: 2.7434775 | T2: 3.9100169 | V2: 0.0994775 | W2: 0.1015675 | X2: 0.0458675 | Y2: 100.57672 | Z2: 91.719706 | AA2: =(Q2/151.99)/((Q2/151.99)+(T2/101.96))*100 -> 8.4790814 | AN2: =Q2+T2 -> 4.450015 | AO2: =M2/T2 -> 0.12164014
B3: Exterior core summary | C3: cpx | D3: summary avg | J3: yes | K3: GCB1 | L3: 43282 | M3: 0.472396 | N3: 17.035197 | O3: 52.839839 | P3: 22.782294 | Q3: 0.531355 | R3: 2.722291 | T3: 3.908686 | V3: 0.100054 | W3: 0.101827 | X3: 0.040391 | Y3: 100.53432 | Z3: 91.771805 | AA3: =(Q3/151.99)/((Q3/151.99)+(T3/101.96))*100 -> 8.3573121 | AN3: =Q3+T3 -> 4.440041 | AO3: =M3/T3 -> 0.12085801
B4: R-20_cpx-1_A | C4: cpx | D4: Primary | K4: GCB1 | L4: 43282 | M4: 0.4794875 | N4: 17.172005 | O4: 52.755327 | P4: 22.79006 | Q4: 0.55725 | R4: 2.705965 | T4: 3.92388 | V4: 0.09947 | W4: 0.1033375 | X4: 0.03901 | Y4: 100.62578 | Z4: 91.877177 | AA4: =(Q4/151.99)/((Q4/151.99)+(T4/101.96))*100 -> 8.6981839 | AN4: =Q4+T4 -> 4.48113 | AO4: =M4/T4 -> 0.12219729
B5: R-21_cpx-1_B | C5: cpx | D5: Primary | K5: GCB1 | L5: 43282 | M5: 0.47114333 | N5: 16.831303 | O5: 52.564087 | P5: 22.730527 | Q5: 0.57247 | R5: 2.7486267 | T5: 3.96884 | V5: 0.096473333 | W5: 0.10085667 | X5: 0.045616667 | Y5: 100.12994 | Z5: 91.608178 | AA5: =(Q5/151.99)/((Q5/151.99)+(T5/101.96))*100 -> 8.8224994 | AN5: =Q5+T5 -> 4.54131 | AO5: =M5/T5 -> 0.11871059
B6: R-22_cpx-1_C | C6: cpx | D6: Primary | K6: GCB1 | L6: 43282 | M6: 0.46419333 | N6: 17.05668 | O6: 53.228273 | P6: 22.823707 | Q6: 0.45571333 | R6: 2.7177233 | T6: 3.8282733 | V6: 0.10441333 | W6: 0.10078333 | X6: 0.037006667 | Y6: 100.81677 | Z6: 91.794937 | AA6: =(Q6/151.99)/((Q6/151.99)+(T6/101.96))*100 -> 7.3949979 | AN6: =Q6+T6 -> 4.2839867 | AO6: =M6/T6 -> 0.12125397
B7: exterior rim summary | C7: cpx | D7: summary avg | J7: yes | K7: GCB1 | L7: 43282 | M7: 0.48098 | N7: 17.071927 | O7: 52.801687 | P7: 22.792745 | Q7: 0.55440333 | R7: 2.7787883 | T7: 3.912235 | V7: 0.098516667 | W7: 0.101135 | X7: 0.054995 | Y7: 100.64738 | Z7: 91.632873 | AA7: =(Q7/151.99)/((Q7/151.99)+(T7/101.96))*100 -> 8.6811296 | AN7: =Q7+T7 -> 4.4666383 | AO7: =M7/T7 -> 0.12294251
B8: R-20_cpx-1_B | C8: cpx | D8: Primary | K8: GCB1 | L8: 43282 | M8: 0.48651667 | N8: 17.066947 | O8: 52.390387 | P8: 22.807563 | Q8: 0.58353 | R8: 2.7784467 | T8: 3.94813 | V8: 0.099026667 | W8: 0.09764 | X8: 0.052036667 | Y8: 100.3102 | Z8: 91.632109 | AA8: =(Q8/151.99)/((Q8/151.99)+(T8/101.96))*100 -> 9.0204904 | AN8: =Q8+T8 -> 4.53166 | AO8: =M8/T8 -> 0.12322711
B9: R-22_cpx-1_A | C9: cpx | D9: Primary | K9: GCB1 | L9: 43282 | M9: 0.47544333 | N9: 17.076907 | O9: 53.212987 | P9: 22.777927 | Q9: 0.52527667 | R9: 2.77913 | T9: 3.87634 | V9: 0.098006667 | W9: 0.10463 | X9: 0.057953333 | Y9: 100.98457 | Z9: 91.633638 | AA9: =(Q9/151.99)/((Q9/151.99)+(T9/101.96))*100 -> 8.3328715 | AN9: =Q9+T9 -> 4.4016167 | AO9: =M9/T9 -> 0.12265264
B10: interior summary | C10: cpx | D10: summary avg | J10: yes | K10: GCB1 | L10: 43282 | M10: 0.45209783 | N10: 17.038547 | O10: 52.138069 | P10: 22.724453 | Q10: 0.60003957 | R10: 2.7435409 | T10: 3.9786835 | V10: 0.1248113 | W10: 0.096353913 | X10: 0.04847913 | Y10: 99.945074 | Z10: 91.714995 | AA10: =(Q10/151.99)/((Q10/151.99)+(T10/101.96))*100 -> 9.1875689 | AN10: =Q10+T10 -> 4.578723 | AO10: =M10/T10 -> 0.11363001
B11: Interior core Summary | C11: cpx | D11: summary avg | J11: yes | K11: GCB1 | L11: 43282 | M11: 0.45672182 | N11: 17.040825 | O11: 52.02203 | P11: 22.77611 | Q11: 0.51027091 | R11: 2.7724173 | T11: 3.8504191 | V11: 0.10937727 | W11: 0.10377182 | X11: 0.047886364 | Y11: 99.689823 | Z11: 91.635398 | AA11: =(Q11/151.99)/((Q11/151.99)+(T11/101.96))*100 -> 8.1643035 | AN11: =Q11+T11 -> 4.36069 | AO11: =M11/T11 -> 0.11861613
B12: R-30_cpx-1_A | C12: cpx | D12: Primary | K12: GCB1 | L12: 43282 | M12: 0.4430325 | N12: 17.100848 | O12: 52.22581 | P12: 22.850268 | Q12: 0.36508 | R12: 2.738065 | T12: 3.69381 | V12: 0.10852 | W12: 0.1007425 | X12: 0.04077 | Y12: 99.666957 | Z12: 91.758307 | AA12: =(Q12/151.99)/((Q12/151.99)+(T12/101.96))*100 -> 6.2179607 | AN12: =Q12+T12 -> 4.05889 | AO12: =M12/T12 -> 0.11993917
B13: R-30_cpx-2_A | C13: cpx | D13: Primary | K13: GCB1 | L13: 43282 | M13: 0.45443 | N13: 16.84114 | O13: 51.251617 | P13: 22.637477 | Q13: 0.58720333 | R13: 2.8701233 | T13: 3.9718367 | V13: 0.10792667 | W13: 0.10573667 | X13: 0.055176667 | Y13: 98.882657 | Z13: 91.273686 | AA13: =(Q13/151.99)/((Q13/151.99)+(T13/101.96))*100 -> 9.0228601 | AN13: =Q13+T13 -> 4.55904 | AO13: =M13/T13 -> 0.11441306
B14: R-31_cpx-1_B | C14: cpx | D14: Primary | K14: GCB1 | L14: 43282 | M14: 0.47225333 | N14: 17.121513 | O14: 52.24239 | P14: 22.819367 | Q14: 0.59936667 | R14: 2.7448267 | T14: 3.9133367 | V14: 0.1111 | W14: 0.11193 | X14: 0.05376 | Y14: 100.18982 | Z14: 91.748451 | AA14: =(Q14/151.99)/((Q14/151.99)+(T14/101.96))*100 -> 9.317194 | AN14: =Q14+T14 -> 4.5127033 | AO14: =M14/T14 -> 0.12067792
B15: R-31_cpx-2_A | C15: cpx | D15: Primary | K15: GCB1 | L15: 43282 | M15: 0.47176 | N15: 17.15773 | O15: 52.85707 | P15: 22.76561 | Q15: 0.59295 | R15: 2.69948 | T15: 3.92385 | V15: 0.11199 | W15: 0.08552 | X15: 0.03686 | Y15: 100.7028 | Z15: 91.88974 | AA15: =(Q15/151.99)/((Q15/151.99)+(T15/101.96))*100 -> 9.2042039 | AN15: =Q15+T15 -> 4.5168 | AO15: =M15/T15 -> 0.12022886
B16: Interior rim Summary | C16: cpx | D16: summary avg | J16: yes | K16: GCB1 | L16: 43282 | M16: 0.45744571 | N16: 16.971414 | O16: 52.80189 | P16: 22.853267 | Q16: 0.54578714 | R16: 2.7401214 | T16: 3.9094814 | V16: 0.11012857 | W16: 0.089055714 | X16: 0.049614286 | Y16: 100.5282 | Z16: 91.693826 | AA16: =(Q16/151.99)/((Q16/151.99)+(T16/101.96))*100 -> 8.5632701 | AN16: =Q16+T16 -> 4.4552686 | AO16: =M16/T16 -> 0.11700931
B17: R-30_cpx-1_B | C17: cpx | D17: Primary | K17: GCB1 | L17: 43282 | M17: 0.44823333 | N17: 16.687283 | O17: 52.95176 | P17: 22.770447 | Q17: 0.56689667 | R17: 2.7147733 | T17: 3.9250033 | V17: 0.1065 | W17: 0.08146 | X17: 0.060373333 | Y17: 100.31274 | Z17: 91.636605 | AA17: =(Q17/151.99)/((Q17/151.99)+(T17/101.96))*100 -> 8.8331505 | AN17: =Q17+T17 -> 4.4919 | AO17: =M17/T17 -> 0.11419948
B18: R-31_cpx-1_A | C18: cpx | D18: Primary | K18: GCB1 | L18: 43282 | M18: 0.46082667 | N18: 17.234863 | O18: 52.789957 | P18: 22.94513 | Q18: 0.50548333 | R18: 2.7244667 | T18: 3.8829967 | V18: 0.10978667 | W18: 0.096693333 | X18: 0.03792 | Y18: 100.7881 | Z18: 91.854626 | AA18: =(Q18/151.99)/((Q18/151.99)+(T18/101.96))*100 -> 8.0314502 | AN18: =Q18+T18 -> 4.38848 | AO18: =M18/T18 -> 0.1186781
B19: R-31_cpx-2_B | C19: cpx | D19: Primary | K19: GCB1 | L19: 43282 | M19: 0.47494 | N19: 17.03346 | O19: 52.38808 | P19: 22.82614 | Q19: 0.60337 | R19: 2.86313 | T19: 3.94237 | V19: 0.12204 | W19: 0.08893 | X19: 0.05242 | Y19: 100.3949 | Z19: 91.383091 | AA19: =(Q19/151.99)/((Q19/151.99)+(T19/101.96))*100 -> 9.3109889 | AN19: =Q19+T19 -> 4.54574 | AO19: =M19/T19 -> 0.12047068
B20: Interior Melt Pocket | C20: cpx | D20: summary avg | J20: yes | K20: GCB1 | L20: 43282 | AA20: =(Q20/151.99)/((Q20/151.99)+(T20/101.96))*100 -> #DIV/0! | AN20: =Q20+T20 -> 0 | AO20: =M20/T20 -> #DIV/0!
B21: R-30_cpx-_melt pocket | C21: cpx | D21: MP | K21: GCB1 | L21: 43282 | M21: 0.51019 | N21: 17.203173 | O21: 51.504407 | P21: 22.55198 | Q21: 0.6242 | R21: 2.7860633 | T21: 3.9784233 | V21: 0.11279 | W21: 0.09233 | X21: 0.05398 | Y21: 99.41755 | Z21: 91.67136 | AA21: =(Q21/151.99)/((Q21/151.99)+(T21/101.96))*100 -> 9.5228411 | AN21: =Q21+T21 -> 4.6026233 | AO21: =M21/T21 -> 0.12823924
B22: R-30_cpx-3_melt pocket | C22: cpx | D22: MP | K22: GCB1 | L22: 43282 | M22: 0.32081 | N22: 17.014045 | O22: 51.403405 | P22: 22.2482 | Q22: 1.24741 | R22: 2.532905 | T22: 4.926735 | V22: 0.27912 | W22: 0.087135 | X22: 0.039515 | Y22: 100.09929 | Z22: 92.292319 | AA22: =(Q22/151.99)/((Q22/151.99)+(T22/101.96))*100 -> 14.518935 | AN22: =Q22+T22 -> 6.174145 | AO22: =M22/T22 -> 0.065116147
B23: Exterior Melt Pocket | C23: cpx | D23: summary avg | J23: yes | K23: GCB1 | L23: 43282 | AA23: =(Q23/151.99)/((Q23/151.99)+(T23/101.96))*100 -> #DIV/0! | AN23: =Q23+T23 -> 0 | AO23: =M23/T23 -> #DIV/0!
B24: core | C24: cpx | D24: summary avg | J24: yes | K24: GCB1 | L24: 43282 | M24: 0.48332333 | N24: 17.01371 | O24: 51.86764 | P24: 22.658477 | Q24: 0.51981667 | R24: 2.73363 | T24: 3.89564 | V24: 0.11156 | W24: 0.10721333 | X24: 0.055043333 | Y24: 99.446053 | Z24: 91.731978 | AA24: =(Q24/151.99)/((Q24/151.99)+(T24/101.96))*100 -> 8.215874 | AN24: =Q24+T24 -> 4.4154567 | AO24: =M24/T24 -> 0.12406776
B25: R-11_cpx-1_A | C25: cpx | D25: maybe primary | K25: GCB1 | L25: 43282 | M25: 0.48332333 | N25: 17.01371 | O25: 51.86764 | P25: 22.658477 | Q25: 0.51981667 | R25: 2.73363 | T25: 3.89564 | V25: 0.11156 | W25: 0.10721333 | X25: 0.055043333 | Y25: 99.446053 | Z25: 91.731978 | AA25: =(Q25/151.99)/((Q25/151.99)+(T25/101.96))*100 -> 8.215874 | AN25: =Q25+T25 -> 4.4154567 | AO25: =M25/T25 -> 0.12406776
B26: R-11_cpx-_Melt pocket | C26: cpx | D26: MP | K26: GCB1 | L26: 43282 | M26: 0.32538 | N26: 15.95351 | O26: 50.79133 | P26: 23.462555 | Q26: 1.1376 | R26: 2.34008 | T26: 6.13983 | V26: 0.382635 | W26: 0.05989 | X26: 0.05584 | Y26: 100.64865 | Z26: 92.394327 | AA26: =(Q26/151.99)/((Q26/151.99)+(T26/101.96))*100 -> 11.055245 | AN26: =Q26+T26 -> 7.27743 | AO26: =M26/T26 -> 0.052994953
A27: 1 / 1 . | B27: PMR53_CPX_STD_1 | D27: standard | J27: yes | K27: PMR53 | L27: 44013 | M27: 2.111062 | N27: 18.19391 | O27: 54.19711 | P27: 13.7895 | Q27: 0.153725 | R27: 6.95713 | T27: 2.924824 | U27: 0.134615 | V27: 0.367157 | W27: 0.155738 | Y27: 98.98478 | Z27: 82.33751 | AA27: =(Q27/151.99)/((Q27/151.99)+(T27/101.96))*100 -> 3.4057355 | AN27: =Q27+T27 -> 3.078549 | AO27: =M27/T27 -> 0.72177403
A28: 2 / 1 . | B28: AZ18_WHT06_CPX4_phenocryst_core | D28: phenocryst | J28: yes | K28: AZ18WHT06 Scoria | L28: 44013 | M28: 0.337847 | N28: 14.34405 | O28: 48.41978 | P28: 22.82644 | Q28: 0.314473 | R28: 6.27402 | T28: 5.669125 | U28: 0.22238 | V28: 1.466736 | W28: 0.134057 | Y28: 100.0089 | Z28: 80.297321 | AA28: =(Q28/151.99)/((Q28/151.99)+(T28/101.96))*100 -> 3.5876878 | AN28: =Q28+T28 -> 5.983598 | AO28: =M28/T28 -> 0.059594205
A29: 3 / 1 . | B29: AZ18_WHT06_CPX4_phenocryst_Long_rim | D29: phenocryst | K29: AZ18WHT06 Scoria | L29: 44013 | M29: 0.241652 | N29: 16.0621 | O29: 51.09752 | P29: 22.30197 | Q29: 0.080693 | R29: 6.132524 | T29: 3.187994 | U29: 0.238201 | V29: 0.880195 | W29: 0.132114 | Y29: 100.355 | Z29: 82.359847 | AA29: =(Q29/151.99)/((Q29/151.99)+(T29/101.96))*100 -> 1.6696323 | AN29: =Q29+T29 -> 3.268687 | AO29: =M29/T29 -> 0.075800645
A30: 4 / 1 . | B30: AZ18_WHT06_CPX4_phenocryst_narrow_rim | D30: phenocryst | K30: AZ18WHT06 Scoria | L30: 44013 | M30: 0.320943 | N30: 13.81878 | O30: 48.26093 | P30: 22.83122 | Q30: 0.1659 | R30: 6.597981 | T30: 6.027592 | U30: 0.238976 | V30: 1.645312 | W30: 0.112514 | Y30: 100.0201 | Z30: 78.87369 | AA30: =(Q30/151.99)/((Q30/151.99)+(T30/101.96))*100 -> 1.8128915 | AN30: =Q30+T30 -> 6.193492 | AO30: =M30/T30 -> 0.053245641
A31: 5 / 1 . | B31: AZ18_WHT06_CPX_Xenocryst_prof1_rim | D31: xenocryst | K31: AZ18WHT06 Xenocrysts_rim | L31: 44013 | M31: 0.355506 | N31: 13.06295 | O31: 47.68927 | P31: 22.53806 | Q31: 0.172154 | R31: 7.049124 | T31: 5.547668 | U31: 0.264166 | V31: 2.382529 | W31: 0.123298 | Y31: 99.18474 | Z31: 76.762359 | AA31: =(Q31/151.99)/((Q31/151.99)+(T31/101.96))*100 -> 2.0392642 | AL31: 0 | AN31: =Q31+T31 -> 5.719822 | AO31: =M31/T31 -> 0.064082061
A32: 5 / 2 . | B32: AZ18_WHT06_CPX_Xenocryst_prof1_rim | D32: xenocryst | K32: AZ18WHT06 Xenocrysts_rim | L32: 44013 | M32: 0.3808 | N32: 13.20668 | O32: 47.68296 | P32: 22.86014 | Q32: 0.146132 | R32: 6.876187 | T32: 5.384778 | U32: 0.24787 | V32: 2.273811 | W32: 0.115374 | Y32: 99.17473 | Z32: 77.394507 | AA32: =(Q32/151.99)/((Q32/151.99)+(T32/101.96))*100 -> 1.787957 | AL32: 2.5 | AN32: =Q32+T32 -> 5.53091 | AO32: =M32/T32 -> 0.070717864
A33: 5 / 3 . | B33: AZ18_WHT06_CPX_Xenocryst_prof1_rim | D33: xenocryst | K33: AZ18WHT06 Xenocrysts_rim | L33: 44013 | M33: 0.358696 | N33: 13.14649 | O33: 48.20082 | P33: 23.13826 | Q33: 0.163253 | R33: 6.842701 | T33: 5.282504 | U33: 0.257604 | V33: 2.206128 | W33: 0.102946 | Y33: 99.69941 | Z33: 77.399987 | AA33: =(Q33/151.99)/((Q33/151.99)+(T33/101.96))*100 -> 2.0310683 | AL33: 5 | AN33: =Q33+T33 -> 5.445757 | AO33: =M33/T33 -> 0.067902646
A34: 5 / 4 . | B34: AZ18_WHT06_CPX_Xenocryst_prof1_rim | D34: xenocryst | K34: AZ18WHT06 Xenocrysts_rim | L34: 44013 | M34: 0.352207 | N34: 13.40935 | O34: 48.2681 | P34: 23.37511 | Q34: 0.193059 | R34: 6.78707 | T34: 5.258124 | U34: 0.254132 | V34: 2.19282 | W34: 0.109625 | Y34: 100.1996 | Z34: 77.885338 | AA34: =(Q34/151.99)/((Q34/151.99)+(T34/101.96))*100 -> 2.4038466 | AL34: 7.5 | AN34: =Q34+T34 -> 5.451183 | AO34: =M34/T34 -> 0.066983396
A35: 5 / 5 . | B35: AZ18_WHT06_CPX_Xenocryst_prof1_rim | D35: xenocryst | K35: AZ18WHT06 Xenocrysts_rim | L35: 44013 | M35: 0.358777 | N35: 13.5943 | O35: 48.51057 | P35: 23.01702 | Q35: 0.201612 | R35: 6.455187 | T35: 5.151327 | U35: 0.242253 | V35: 2.122547 | W35: 0.097491 | Y35: 99.75108 | Z35: 78.96522 | AA35: =(Q35/151.99)/((Q35/151.99)+(T35/101.96))*100 -> 2.5583313 | AL35: 10.001999 | AN35: =Q35+T35 -> 5.352939 | AO35: =M35/T35 -> 0.069647491
A36: 5 / 6 . | B36: AZ18_WHT06_CPX_Xenocryst_prof1_rim | D36: xenocryst | K36: AZ18WHT06 Xenocrysts_rim | L36: 44013 | M36: 0.354419 | N36: 13.39523 | O36: 48.46143 | P36: 23.09287 | Q36: 0.206517 | R36: 6.314919 | T36: 5.155789 | U36: 0.242283 | V36: 2.135337 | W36: 0.104836 | Y36: 99.46364 | Z36: 79.08486 | AA36: =(Q36/151.99)/((Q36/151.99)+(T36/101.96))*100 -> 2.6167354 | AL36: 12.501999 | AN36: =Q36+T36 -> 5.362306 | AO36: =M36/T36 -> 0.068741952
A37: 5 / 7 . | B37: AZ18_WHT06_CPX_Xenocryst_prof1_rim | D37: xenocryst | K37: AZ18WHT06 Xenocrysts_rim | L37: 44013 | M37: 0.381869 | N37: 13.41788 | O37: 48.00957 | P37: 23.33621 | Q37: 0.201938 | R37: 6.591768 | T37: 5.409098 | U37: 0.240502 | V37: 2.157881 | W37: 0.094979 | Y37: 99.84171 | Z37: 78.394915 | AA37: =(Q37/151.99)/((Q37/151.99)+(T37/101.96))*100 -> 2.4432359 | AL37: 15.001999 | AN37: =Q37+T37 -> 5.611036 | AO37: =M37/T37 -> 0.070597538
A38: 5 / 8 . | B38: AZ18_WHT06_CPX_Xenocryst_prof1_rim | D38: xenocryst | K38: AZ18WHT06 Xenocrysts_rim | L38: 44013 | M38: 0.41265 | N38: 13.30764 | O38: 47.75115 | P38: 23.11993 | Q38: 0.249156 | R38: 6.227009 | T38: 5.706132 | U38: 0.240637 | V38: 2.218648 | W38: 0.103811 | Y38: 99.33676 | Z38: 79.207951 | AA38: =(Q38/151.99)/((Q38/151.99)+(T38/101.96))*100 -> 2.8458099 | AL38: 17.501999 | AN38: =Q38+T38 -> 5.955288 | AO38: =M38/T38 -> 0.072316939
A39: 5 / 9 . | B39: AZ18_WHT06_CPX_Xenocryst_prof1_rim | D39: xenocryst | K39: AZ18WHT06 Xenocrysts_rim | L39: 44013 | M39: 0.407868 | N39: 13.36325 | O39: 47.8021 | P39: 23.20823 | Q39: 0.313748 | R39: 6.045313 | T39: 5.637379 | U39: 0.259502 | V39: 2.131324 | W39: 0.094109 | Y39: 99.26283 | Z39: 79.758836 | AA39: =(Q39/151.99)/((Q39/151.99)+(T39/101.96))*100 -> 3.5991457 | AL39: 20.001999 | AN39: =Q39+T39 -> 5.951127 | AO39: =M39/T39 -> 0.072350644
A40: 5 / 10 . | B40: AZ18_WHT06_CPX_Xenocryst_prof1_rim | D40: xenocryst | K40: AZ18WHT06 Xenocrysts_rim | L40: 44013 | M40: 0.37586 | N40: 13.64319 | O40: 48.42814 | P40: 23.14179 | Q40: 0.330834 | R40: 6.017361 | T40: 5.244934 | U40: 0.232737 | V40: 1.999372 | W40: 0.104403 | Y40: 99.51862 | Z40: 80.16526 | AA40: =(Q40/151.99)/((Q40/151.99)+(T40/101.96))*100 -> 4.0596287 | AL40: 22.501999 | AN40: =Q40+T40 -> 5.575768 | AO40: =M40/T40 -> 0.071661531
A41: 5 / 11 . | B41: AZ18_WHT06_CPX_Xenocryst_prof1_rim | D41: xenocryst | K41: AZ18WHT06 Xenocrysts_rim | L41: 44013 | M41: 0.381998 | N41: 13.85559 | O41: 48.45441 | P41: 23.33249 | Q41: 0.421541 | R41: 6.03731 | T41: 5.240903 | U41: 0.233287 | V41: 1.896362 | W41: 0.088078 | Y41: 99.94197 | Z41: 80.357568 | AA41: =(Q41/151.99)/((Q41/151.99)+(T41/101.96))*100 -> 5.1194768 | AL41: 25.003998 | AN41: =Q41+T41 -> 5.662444 | AO41: =M41/T41 -> 0.072887821
A42: 5 / 12 . | B42: AZ18_WHT06_CPX_Xenocryst_prof1_ | D42: xenocryst | K42: AZ18WHT06 Xenocrysts_bound | L42: 44013 | M42: 0.545636 | N42: 15.30752 | O42: 51.00799 | P42: 22.44453 | Q42: 0.486805 | R42: 3.910577 | T42: 4.878469 | U42: 0.226711 | V42: 1.154398 | W42: 0.08861 | Y42: 100.0512 | Z42: 87.465106 | AA42: =(Q42/151.99)/((Q42/151.99)+(T42/101.96))*100 -> 6.2740252 | AL42: 27.503998 | AN42: =Q42+T42 -> 5.365274 | AO42: =M42/T42 -> 0.11184575
... A65: 5 / 35 . | B65: AZ18_WHT06_CPX_Xenocryst_prof1_ | D65: xenocryst | K65: AZ18WHT06 Xenocrysts_core | L65: 44013 | M65: 0.665739 | N65: 17.04717 | O65: 52.35026 | P65: 22.7607 | Q65: 0.48324 | R65: 2.890757 | T65: 4.170944 | U65: 0.220746 | V65: 0.080824 | W65: 0.0724 | Y65: 100.7428 | Z65: 91.313508 | AA65: =(Q65/151.99)/((Q65/151.99)+(T65/101.96))*100 -> 7.211683 | AL65: 152.01102 | AN65: =Q65+T65 -> 4.654184 | AO65: =M65/T65 -> 0.15961351
A66: 6 / 1 . | B66: PMR53_CPX_STD_2 | D66: standard | J66: yes | K66: PMR53 | L66: 44013 | M66: 2.169122 | N66: 18.19469 | O66: 54.23474 | P66: 13.9872 | Q66: 0.182685 | R66: 7.234932 | T66: 2.934286 | U66: 0.128628 | V66: 0.373362 | W66: 0.157785 | Y66: 99.59742 | Z66: 81.761511 | AA66: =(Q66/151.99)/((Q66/151.99)+(T66/101.96))*100 -> 4.0090861 | AN66: =Q66+T66 -> 3.116971 | AO66: =M66/T66 -> 0.73923333
A67: 7 / 1 . | B67: AZ18_WHT06_MP_CPX2_1 | D67: MP | K67: AZ18WHT06 | L67: 44013 | M67: 0.643813 | N67: 14.53799 | O67: 47.6915 | P67: 21.95178 | Q67: 1.851926 | R67: 2.706468 | T67: 9.085228 | U67: 0.206413 | V67: 0.17641 | W67: 0.048467 | X67: 0.045358 | Y67: 98.94534 | Z67: 90.543982 | AA67: =(Q67/151.99)/((Q67/151.99)+(T67/101.96))*100 -> 12.029307 | AN67: =Q67+T67 -> 10.937154 | AO67: =M67/T67 -> 0.070863714
A68: 8 / 1 . | B68: AZ18_WHT06_MP_CPX1_1 | D68: MP | K68: AZ18WHT06 | L68: 44013 | M68: 0.568491 | N68: 15.28403 | O68: 49.48324 | P68: 22.95823 | Q68: 1.302042 | R68: 2.516695 | T68: 7.264393 | U68: 0.22045 | V68: 0.117938 | W68: 0.046807 | X68: 0.060244 | Y68: 99.82256 | Z68: 91.543864 | AA68: =(Q68/151.99)/((Q68/151.99)+(T68/101.96))*100 -> 10.733227 | AN68: =Q68+T68 -> 8.566435 | AO68: =M68/T68 -> 0.078257192
A69: 9 / 1 . | B69: AZ18_WHT06_cpx3_rim_nearMP_SIMSspots_1 | D69: Primary | K69: AZ18WHT06 | L69: 44013 | M69: 0.311101 | N69: 17.20807 | O69: 53.07134 | P69: 23.35488 | Q69: 0.475754 | R69: 2.529513 | T69: 3.154902 | U69: 0.217557 | V69: 0.035809 | W69: 0.080691 | X69: 0.072334 | Y69: 100.5119 | Z69: 92.38198 | AA69: =(Q69/151.99)/((Q69/151.99)+(T69/101.96))*100 -> 9.1867252 | AN69: =Q69+T69 -> 3.630656 | AO69: =M69/T69 -> 0.098608768
A70: 10 / 1 . | B70: AZ18_WHT06_cpx3_core_ | D70: Primary | K70: AZ18WHT06 | L70: 44013 | M70: 0.295797 | N70: 17.37505 | O70: 52.81239 | P70: 23.46762 | Q70: 0.306655 | R70: 2.488429 | T70: 2.978995 | U70: 0.236144 | V70: 0.038862 | W70: 0.093813 | X70: 0.044136 | Y70: 100.1379 | Z70: 92.563173 | AA70: =(Q70/151.99)/((Q70/151.99)+(T70/101.96))*100 -> 6.4594426 | AN70: =Q70+T70 -> 3.28565 | AO70: =M70/T70 -> 0.099294225
A71: 12 / 1 . | B71: AZ18_WHT06_MP_CPX3 | D71: MP | K71: AZ18WHT06 | L71: 44013 | M71: 0.460368 | N71: 15.63832 | O71: 50.20935 | P71: 22.52987 | Q71: 1.361927 | R71: 2.648087 | T71: 6.622617 | U71: 0.228988 | V71: 0.129802 | W71: 0.04228 | X71: 0.063557 | Y71: 99.93517 | Z71: 91.324767 | AA71: =(Q71/151.99)/((Q71/151.99)+(T71/101.96))*100 -> 12.123101 | AN71: =Q71+T71 -> 7.984544 | AO71: =M71/T71 -> 0.069514514
A72: 14 / 1 . | B72: AZ18_WHT06_MP_CPX4_ | D72: MP | K72: AZ18WHT06 | L72: 44013 | M72: 0.673446 | N72: 14.70246 | O72: 47.29548 | P72: 21.97146 | Q72: 1.898817 | R72: 2.800311 | T72: 8.810968 | U72: 0.220584 | V72: 0.121771 | W72: 0.045512 | X72: 0.047051 | Y72: 98.58786 | Z72: 90.346645 | AA72: =(Q72/151.99)/((Q72/151.99)+(T72/101.96))*100 -> 12.630846 | AN72: =Q72+T72 -> 10.709785 | AO72: =M72/T72 -> 0.076432692
A73: 15 / 1 . | B73: AZ18_WHT01_01_Ext1_CPX2_prof | D73: Primary | K73: AZ18WHT1 | L73: 44013 | M73: 0.583291 | N73: 16.19042 | O73: 51.78815 | P73: 22.30663 | Q73: 0.622135 | R73: 3.214482 | T73: 4.775655 | U73: 0.226098 | V73: 0.568357 | W73: 0.076415 | X73: 0.095757 | Y73: 100.4474 | Z73: 89.978312 | AA73: =(Q73/151.99)/((Q73/151.99)+(T73/101.96))*100 -> 8.036756 | AL73: 0 | AN73: =Q73+T73 -> 5.39779 | AO73: =M73/T73 -> 0.12213843
A74: 15 / 2 . | B74: AZ18_WHT01_01_Ext1_CPX2_prof | D74: Primary | K74: AZ18WHT1 | L74: 44013 | M74: 0.510736 | N74: 16.66675 | O74: 52.34621 | P74: 22.50028 | Q74: 0.589778 | R74: 3.029667 | T74: 4.095497 | U74: 0.231835 | V74: 0.321999 | W74: 0.091955 | X74: 0.050045 | Y74: 100.4348 | Z74: 90.746154 | AA74: =(Q74/151.99)/((Q74/151.99)+(T74/101.96))*100 -> 8.8094095 | AL74: 5 | AN74: =Q74+T74 -> 4.685275 | AO74: =M74/T74 -> 0.12470672
A75: 15 / 3 . | B75: AZ18_WHT01_01_Ext1_CPX2_prof | D75: Primary | K75: AZ18WHT1 | L75: 44013 | M75: 0.520453 | N75: 16.39326 | O75: 52.30083 | P75: 22.20658 | Q75: 0.555986 | R75: 3.104538 | T75: 4.107673 | U75: 0.229408 | V75: 0.322465 | W75: 0.095001 | X75: 0.078829 | Y75: 99.91502 | Z75: 90.396431 | AA75: =(Q75/151.99)/((Q75/151.99)+(T75/101.96))*100 -> 8.3241123 | AL75: 9.9729267 | AN75: =Q75+T75 -> 4.663659 | AO75: =M75/T75 -> 0.12670264
A76: 15 / 4 . | B76: AZ18_WHT01_01_Ext1_CPX2_prof | D76: Primary | K76: AZ18WHT1 | L76: 44013 | M76: 0.541449 | N76: 16.55498 | O76: 53.00728 | P76: 21.85808 | Q76: 0.589792 | R76: 2.94592 | T76: 4.10215 | U76: 0.237091 | V76: 0.325513 | W76: 0.101051 | X76: 0.058963 | Y76: 100.3223 | Z76: 90.923502 | AA76: =(Q76/151.99)/((Q76/151.99)+(T76/101.96))*100 -> 8.7965693 | AL76: 14.945853 | AN76: =Q76+T76 -> 4.691942 | AO76: =M76/T76 -> 0.13199152
A77: 15 / 5 . | B77: AZ18_WHT01_01_Ext1_CPX2_prof | D77: Primary | K77: AZ18WHT1 | L77: 44013 | M77: 0.525663 | N77: 16.56567 | O77: 52.45621 | P77: 22.61554 | Q77: 0.572087 | R77: 2.938477 | T77: 4.060566 | U77: 0.224939 | V77: 0.315281 | W77: 0.095213 | X77: 0.037577 | Y77: 100.4072 | Z77: 90.949672 | AA77: =(Q77/151.99)/((Q77/151.99)+(T77/101.96))*100 -> 8.6351423 | AL77: 20.04193 | AN77: =Q77+T77 -> 4.632653 | AO77: =M77/T77 -> 0.1294556
A78: 15 / 6 . | B78: AZ18_WHT01_01_Ext1_CPX2_prof | D78: Primary | K78: AZ18WHT1 | L78: 44013 | M78: 0.540467 | N78: 16.59044 | O78: 52.44238 | P78: 22.36298 | Q78: 0.562354 | R78: 3.073103 | T78: 4.072171 | U78: 0.235109 | V78: 0.326865 | W78: 0.078128 | X78: 0.062625 | Y78: 100.3466 | Z78: 90.586858 | AA78: =(Q78/151.99)/((Q78/151.99)+(T78/101.96))*100 -> 8.4785482 | AL78: 25.014857 | AN78: =Q78+T78 -> 4.634525 | AO78: =M78/T78 -> 0.13272208
A79: 15 / 7 . | B79: AZ18_WHT01_01_Ext1_CPX2_prof | D79: Primary | K79: AZ18WHT1 | L79: 44013 | M79: 0.563461 | N79: 16.58313 | O79: 52.14631 | P79: 22.75827 | Q79: 0.584762 | R79: 3.027284 | T79: 4.119688 | U79: 0.247011 | V79: 0.316942 | W79: 0.083177 | X79: 0.030166 | Y79: 100.4602 | Z79: 90.710465 | AA79: =(Q79/151.99)/((Q79/151.99)+(T79/101.96))*100 -> 8.6941702 | AL79: 30.014857 | AN79: =Q79+T79 -> 4.70445 | AO79: =M79/T79 -> 0.13677274
A80: 15 / 8 . | B80: AZ18_WHT01_01_Ext1_CPX2_prof | D80: Primary | K80: AZ18WHT1 | L80: 44013 | M80: 0.543001 | N80: 16.78312 | O80: 52.14104 | P80: 22.23489 | Q80: 0.589115 | R80: 2.929467 | T80: 4.103884 | U80: 0.229818 | V80: 0.330403 | W80: 0.090714 | X80: 0.075053 | Y80: 100.0505 | Z80: 91.081423 | AA80: =(Q80/151.99)/((Q80/151.99)+(T80/101.96))*100 -> 8.7839726 | AL80: 34.987784 | AN80: =Q80+T80 -> 4.692999 | AO80: =M80/T80 -> 0.13231393
A81: 15 / 9 . | B81: AZ18_WHT01_01_Ext1_CPX2_prof | D81: Primary | K81: AZ18WHT1 | L81: 44013 | M81: 0.566763 | N81: 16.50678 | O81: 52.54318 | P81: 22.20465 | Q81: 0.582996 | R81: 2.91406 | T81: 4.116746 | U81: 0.24159 | V81: 0.325211 | W81: 0.093079 | X81: 0.064767 | Y81: 100.1598 | Z81: 90.988965 | AA81: =(Q81/151.99)/((Q81/151.99)+(T81/101.96))*100 -> 8.6758485 | AL81: 39.987784 | AN81: =Q81+T81 -> 4.699742 | AO81: =M81/T81 -> 0.13767257
A82: 15 / 10 . | B82: AZ18_WHT01_01_Ext1_CPX2_prof | D82: Primary | K82: AZ18WHT1 | L82: 44013 | M82: 0.533295 | N82: 16.49575 | O82: 52.87906 | P82: 22.1204 | Q82: 0.558763 | R82: 3.053511 | T82: 4.097962 | U82: 0.233251 | V82: 0.324413 | W82: 0.100011 | X82: 0.065432 | Y82: 100.4619 | Z82: 90.592593 | AA82: =(Q82/151.99)/((Q82/151.99)+(T82/101.96))*100 -> 8.3803676 | AL82: 44.96071 | AN82: =Q82+T82 -> 4.656725 | AO82: =M82/T82 -> 0.13013664
A83: 15 / 11 . | B83: AZ18_WHT01_01_Ext1_CPX2_prof | D83: Primary | K83: AZ18WHT1 | L83: 44013 | M83: 0.556137 | N83: 16.35784 | O83: 52.38017 | P83: 22.23572 | Q83: 0.58946 | R83: 2.893601 | T83: 4.086074 | U83: 0.241755 | V83: 0.322157 | W83: 0.089656 | X83: 0.047044 | Y83: 99.79961 | Z83: 90.972402 | AA83: =(Q83/151.99)/((Q83/151.99)+(T83/101.96))*100 -> 8.8235917 | AL83: 50.056787 | AN83: =Q83+T83 -> 4.675534 | AO83: =M83/T83 -> 0.13610546
A84: 15 / 12 . | B84: AZ18_WHT01_01_Ext1_CPX2_prof | D84: Primary | K84: AZ18WHT1 | L84: 44013 | M84: 0.579315 | N84: 16.49895 | O84: 52.66248 | P84: 22.22202 | Q84: 0.560315 | R84: 3.014571 | T84: 4.080014 | U84: 0.225444 | V84: 0.318866 | W84: 0.100623 | X84: 0.072032 | Y84: 100.3346 | Z84: 90.70304 | AA84: =(Q84/151.99)/((Q84/151.99)+(T84/101.96))*100 -> 8.4355303 | AL84: 61.677889 | AN84: =Q84+T84 -> 4.640329 | AO84: =M84/T84 -> 0.14198848
... A87: 15 / 15 . | B87: AZ18_WHT01_01_Ext1_CPX2_prof | D87: Primary | K87: AZ18WHT1 | L87: 44013 | M87: 0.498163 | N87: 16.67301 | O87: 52.30397 | P87: 22.23866 | Q87: 0.55618 | R87: 2.947434 | T87: 4.113628 | U87: 0.234083 | V87: 0.319153 | W87: 0.093599 | X87: 0.045582 | Y87: 100.0235 | Z87: 90.977736 | AA87: =(Q87/151.99)/((Q87/151.99)+(T87/101.96))*100 -> 8.3157233 | AL87: 96.568268 | AN87: =Q87+T87 -> 4.669808 | AO87: =M87/T87 -> 0.12110064
A88: 24 / 1 . | B88: AZ18_WHT06_cpxPhenocryst_near_laser1 | D88: phenocryst | K88: AZ18WHT1 | L88: 44013 | M88: 0.499539 | N88: 12.06006 | O88: 43.70151 | P88: 23.3845 | Q88: 0.363071 | R88: 7.166401 | T88: 9.139472 | U88: 0.232618 | V88: 3.098547 | W88: 0.089303 | X88: 0.034279 | Y88: 99.7693 | Z88: 74.999015 | AA88: =(Q88/151.99)/((Q88/151.99)+(T88/101.96))*100 -> 2.5957518 | AN88: =Q88+T88 -> 9.502543 | AO88: =M88/T88 -> 0.054657315
A89: 25 / 1 . | B89: AZ18_WHT06_cpxPhenocryst_near_laser2 | D89: phenocryst | K89: AZ18WHT1 | L89: 44013 | M89: 0.271023 | N89: 14.46661 | O89: 49.20589 | P89: 22.64905 | Q89: 0.250672 | R89: 6.037956 | T89: 5.019343 | U89: 0.235003 | V89: 1.456927 | W89: 0.119446 | X89: 0.008053 | Y89: 99.71999 | Z89: 81.028171 | AA89: =(Q89/151.99)/((Q89/151.99)+(T89/101.96))*100 -> 3.2416218 | AN89: =Q89+T89 -> 5.270015 | AO89: =M89/T89 -> 0.053995712
A90: 26 / 1 . | B90: AZ18_WHT01_01_Ext1_MP_CPX1_retake | D90: MP | J90: yes | K90: AZ18WHT1 | L90: 44013 | M90: 0.6328 | N90: 16.2121 | O90: 50.24465 | P90: 21.60199 | R90: 2.866428 | T90: 6.794552 | U90: 0.212676 | V90: 1.103334 | W90: 0.084094 | X90: 0.051889 | Y90: 100.1612 | Z90: 90.976379 | AN90: =Q90+T90 -> 6.794552 | AO90: =M90/T90 -> 0.09313344
A91: 27 / 1 . | B91: AZ18_WHT01_01_Ext1_MP_CPX2_retake | D91: MP | J91: yes | K91: AZ18WHT1 | L91: 44013 | M91: 0.391246 | N91: 15.82591 | O91: 50.23434 | P91: 21.99776 | R91: 2.874425 | T91: 5.998234 | U91: 0.180923 | V91: 1.112962 | W91: 0.066914 | X91: 0.060391 | Y91: 99.06811 | Z91: 90.753151 | AN91: =Q91+T91 -> 5.998234 | AO91: =M91/T91 -> 0.065226865
A92: 41 / 1 . | B92: AZ18_WHT01_slab_cpx__36 | C92: clinopyroxene | D92: MP | E92: Euhedral | F92: CPX_36 | K92: AZ18WHT1 | L92: 44470 | M92: 0.439829 | N92: 15.52487 | O92: 50.3059 | P92: 22.44218 | Q92: 1.792368 | R92: 3.448921 | S92: 0.013204 | T92: 5.804536 | U92: 0.009221 | V92: 1.024556 | W92: 0.083281 | X92: 0.065398 | Y92: 100.9543 | Z92: 88.918529 | AA92: 17.160162 | AB92: -19818 | AC92: 6372 | AD92: -2 | AE92: 629.30696 | AF92: 561.05715 | AG92: 2476.6612 | AH92: 2.2801362 | AI92: 10.065151 | AJ92: 6.9058491 | AK92: 0.99766032 | AM92: =100*AA92 -> 1716.0162 | AN92: =Q92+T92 -> 7.596904 | AO92: =M92/T92 -> 0.075773326
A93: 40 / 1 . | B93: AZ18_WHT01_slab_cpx__35 | C93: clinopyroxene | D93: MP | E93: Euhedral | F93: CPX_35 | K93: AZ18WHT1 | L93: 44470 | M93: 0.463871 | N93: 16.45247 | O93: 51.5844 | P93: 22.49061 | Q93: 1.34062 | R93: 3.270933 | S93: 0.005368 | T93: 4.619523 | U93: 0.01259 | V93: 0.818834 | W93: 0.077804 | X93: 0.052235 | Y93: 101.1893 | Z93: 89.966102 | AA93: 16.295877 | AB93: -19832 | AC93: 6305 | AD93: -2 | AE93: 631.11369 | AF93: 557.31737 | AG93: 2493.6164 | AH93: 2.2649378 | AI93: 10.134057 | AJ93: 6.8369429 | AK93: 1.0035071 | AM93: =100*AA93 -> 1629.5877 | AN93: =Q93+T93 -> 5.960143 | AO93: =M93/T93 -> 0.10041535
A94: 39 / 1 . | B94: AZ18_WHT01_slab_cpx__34 | C94: clinopyroxene | D94: MP | E94: Euhedral | F94: CPX_34 | K94: AZ18WHT1 | L94: 44470 | M94: 0.424927 | N94: 16.3682 | O94: 51.78899 | P94: 22.83025 | Q94: 1.316104 | R94: 3.251141 | S94: 0.00089 | T94: 4.319215 | U94: 0.005761 | V94: 0.830755 | W94: 0.073837 | X94: 0.067352 | Y94: 101.2774 | Z94: 89.97454 | AA94: 16.971953 | AB94: -19704 | AC94: 6505 | AD94: -3 | AE94: 711.92941 | AF94: 590.12956 | AG94: 2442.9548 | AH94: 2.3982865 | AI94: 9.9281682 | AJ94: 7.0428318 | AK94: 1.0739736 | AM94: =100*AA94 -> 1697.1953 | AN94: =Q94+T94 -> 5.635319 | AO94: =M94/T94 -> 0.098380609
A95: 2 / 1 . | B95: AZ18_WHT01_slab_cpx2_ext_02 | C95: clinopyroxene | D95: MP | E95: Anhedral | F95: CPX_2 | K95: AZ18WHT1 | L95: 44470 | M95: 0.540764 | N95: 15.54327 | O95: 50.03753 | P95: 22.1624 | Q95: 1.134914 | R95: 2.888835 | S95: 0.003727 | T95: 7.136582 | U95: 0.007879 | V95: 1.158149 | W95: 0.063299 | X95: 0.060773 | Y95: 100.7381 | Z95: 90.558132 | AA95: 9.6398672 | AB95: -17170 | AC95: 14054 | AD95: -33 | AE95: 1464.9588 | AF95: 1251.7156 | AG95: 532.03501 | AH95: 5.0869721 | AI95: 2.1621903 | AJ95: 14.80881 | AK95: 1.3907889 | AM95: =100*AA95 -> 963.98672 | AN95: =Q95+T95 -> 8.271496 | AO95: =M95/T95 -> 0.075773529
A96: 43 / 1 . | B96: AZ18_WHT01_slab_cpx__38 | C96: clinopyroxene | D96: MP | E96: Subhedral | F96: CPX_38 | K96: AZ18WHT1 | L96: 44470 | M96: 0.421398 | N96: 16.74953 | O96: 51.73798 | P96: 21.97301 | Q96: 1.084815 | R96: 3.279648 | S96: 0.013747 | T96: 4.674712 | U96: 0.004091 | V96: 0.895053 | W96: 0.07711 | X96: 0.065296 | Y96: 100.9764 | Z96: 90.102785 | AA96: 13.470593 | AB96: -19270 | AC96: 6196 | AD96: 0 | AE96: 1218.8291 | AF96: 698.08144 | AG96: 2520.8684 | AH96: 2.837003 | AI96: 10.244809 | AJ96: 6.7261907 | AK96: 1.6017138 | AM96: =100*AA96 -> 1347.0593 | AN96: =Q96+T96 -> 5.759527 | AO96: =M96/T96 -> 0.090144163
A97: 42 / 1 . | B97: AZ18_WHT01_slab_cpx__37 | C97: clinopyroxene | D97: MP | E97: Anhedral | F97: CPX_37 | K97: AZ18WHT1 | L97: 44470 | M97: 0.523596 | N97: 16.12373 | O97: 50.82568 | P97: 21.88308 | Q97: 1.115224 | R97: 3.215188 | S97: 0.007754 | T97: 5.24071 | U97: 0.004212 | V97: 0.85187 | W97: 0.075248 | X97: 0.059486 | Y97: 99.92578 | Z97: 89.939044 | AA97: 12.492251 | AB97: -19230 | AC97: 6285 | AD97: -2 | AE97: 1237.8321 | AF97: 708.42389 | AG97: 2498.3336 | AH97: 2.8790347 | AI97: 10.153228 | AJ97: 6.8177721 | AK97: 1.6234591 | AM97: =100*AA97 -> 1249.2251 | AN97: =Q97+T97 -> 6.355934 | AO97: =M97/T97 -> 0.099909363
A98: 3 / 1 . | B98: AZ18_WHT01_slab_cpx3_ext_03 | C98: clinopyroxene | D98: MP | E98: Anhedral | F98: CPX_3 | K98: AZ18WHT1 | L98: 44470 | M98: 0.446884 | N98: 14.59946 | O98: 48.55558 | P98: 23.23283 | Q98: 1.672321 | R98: 3.039864 | S98: 0.005735 | T98: 8.89133 | U98: 0.015028 | V98: 1.445799 | W98: 0.052234 | X98: 0.048441 | Y98: 102.0055 | Z98: 89.541016 | AA98: 11.203893 | AB98: -16974 | AC98: 13931 | AD98: -31 | AE98: 1689.9772 | AF98: 1300.5234 | AG98: 563.03599 | AH98: 5.2853271 | AI98: 2.2881783 | AJ98: 14.682822 | AK98: 1.6276228 | AM98: =100*AA98 -> 1120.3893 | AN98: =Q98+T98 -> 10.563651 | AO98: =M98/T98 -> 0.050260647
A99: 44 / 1 . | B99: AZ18_WHT01_slab_cpx__39 | C99: clinopyroxene | D99: MP | E99: Subhedral | F99: CPX_39 | K99: AZ18WHT1 | L99: 44470 | M99: 0.542779 | N99: 16.65156 | O99: 51.20445 | P99: 21.43494 | Q99: 1.470159 | R99: 3.155385 | S99: 0.018614 | T99: 5.251444 | U99: 0.012621 | V99: 0.883094 | W99: 0.079872 | X99: 0.068946 | Y99: 100.7739 | Z99: 90.391117 | AA99: 15.811099 | AB99: -19193 | AC99: 6099 | AD99: 2 | AE99: 1318.7135 | AF99: 717.09311 | AG99: 2545.3604 | AH99: 2.9142664 | AI99: 10.344345 | AJ99: 6.6266554 | AK99: 1.6947133 | AM99: =100*AA99 -> 1581.1099 | AN99: =Q99+T99 -> 6.721603 | AO99: =M99/T99 -> 0.10335805
A100: 5 / 1 . | B100: AZ18_WHT01_slab_cpx_ext_05 | C100: clinopyroxene | D100: MP | E100: Subhedral | F100: CPX_5 | K100: AZ18WHT1 | L100: 44470 | M100: 0.522738 | N100: 15.00935 | O100: 49.12072 | P100: 22.6836 | Q100: 1.719951 | R100: 2.924102 | S100: 0.004008 | T100: 7.149251 | U100: 0.012478 | V100: 1.261229 | W100: 0.061173 | X100: 0.071229 | Y100: 100.5398 | Z100: 90.147744 | AA100: 13.896298 | AB100: -16448 | AC100: 12910 | AD100: -27 | AE100: 2456.8529 | AF100: 1429.1966 | AG100: 820.99425 | AH100: 5.8082549 | AI100: 3.3365206 | AJ100: 13.634479 | AK100: 2.4707333 | AM100: =100*AA100 -> 1389.6298 | AN100: =Q100+T100 -> 8.869202 | AO100: =M100/T100 -> 0.073117869
A101: 46 / 1 . | B101: AZ18_WHT01_slab_cpx__41 | C101: clinopyroxene | D101: MP | E101: Subhedral | F101: CPX_41 | K101: AZ18WHT1 | L101: 44470 | M101: 0.677496 | N101: 16.61933 | O101: 51.02581 | P101: 21.51047 | Q101: 1.599919 | R101: 2.566091 | S101: 0.00161 | T101: 6.742349 | U101: 0.012779 | V101: 0.831437 | W101: 0.055286 | X101: 0.066928 | Y101: 101.7095 | Z101: 92.028658 | AA101: 13.732674 | AB101: -17986 | AC101: 7296 | AD101: -1 | AE101: 2243.3156 | AF101: 1024.1973 | AG101: 2241.9002 | AH101: 4.1623377 | AI101: 9.1110824 | AJ101: 7.8599176 | AK101: 2.588472 | AM101: =100*AA101 -> 1373.2674 | AN101: =Q101+T101 -> 8.342268 | AO101: =M101/T101 -> 0.10048367
A102: 48 / 1 . | B102: AZ18_WHT01_slab_cpx__43 | C102: clinopyroxene | D102: MP | E102: Anhedral | F102: CPX_43 | K102: AZ18WHT1 | L102: 44470 | M102: 0.750115 | N102: 15.77564 | O102: 49.95307 | P102: 21.22124 | Q102: 1.461417 | R102: 2.710331 | S102: 0.007356 | T102: 7.828555 | U102: 0.004213 | V102: 0.843992 | W102: 0.062375 | X102: 0.062562 | Y102: 100.6809 | Z102: 91.209279 | AA102: 11.129411 | AB102: -17901 | AC102: 7233 | AD102: 0 | AE102: 2343.1786 | AF102: 1045.3316 | AG102: 2257.7875 | AH102: 4.2482277 | AI102: 9.1756483 | AJ102: 7.7953517 | AK102: 2.6940816 | AM102: =100*AA102 -> 1112.9411 | AN102: =Q102+T102 -> 9.289972 | AO102: =M102/T102 -> 0.095817811
A103: 47 / 1 . | B103: AZ18_WHT01_slab_cpx__42 | C103: clinopyroxene | D103: MP | E103: Anhedral | F103: CPX_42 | K103: AZ18WHT1 | L103: 44470 | M103: 0.787987 | N103: 15.13534 | O103: 49.03825 | P103: 21.31145 | Q103: 1.917803 | R103: 2.816734 | S103: 0.015015 | T103: 8.625256 | U103: 0.007898 | V103: 1.052142 | W103: 0.071841 | X103: 0.062758 | Y103: 100.8425 | Z103: 90.546833 | AA103: 12.979949 | AB103: -17793 | AC103: 7353 | AD103: -2 | AE103: 2422.8681 | AF103: 1072.8538 | AG103: 2227.3728 | AH103: 4.360078 | AI103: 9.052043 | AJ103: 7.918957 | AK103: 2.7681806 | AM103: =100*AA103 -> 1297.9949 | AN103: =Q103+T103 -> 10.543059 | AO103: =M103/T103 -> 0.0913581
... A113: 57 / 1 . | B113: AZ18_WHT01_slab_cpx_large_51 | C113: clinopyroxene | D113: MP | E113: Space-Filling | F113: CPX_51 | K113: AZ18WHT1 | L113: 44470 | M113: 0.91831 | N113: 14.59142 | O113: 47.80063 | P113: 21.0225 | Q113: 1.85558 | R113: 2.751184 | S113: 0.006245 | T113: 9.671851 | U113: 0.008231 | V113: 1.175583 | W113: 0.060616 | X113: 0.067819 | Y113: 99.92997 | Z113: 90.43453 | AA113: 11.40281 | AB113: -17843 | AC113: 192 | AD113: 23 | AE113: 4062.3012 | AF113: 1036.3444 | AG113: 4038.74 | AH113: 4.2117036 | AI113: 16.413439 | AJ113: 0.55756055 | AK113: 3.9516456 | AM113: =100*AA113 -> 1140.281 | AN113: =Q113+T113 -> 11.527431 | AO113: =M113/T113 -> 0.094946665
A114: 11 / 1 . | B114: AZ18_WHT01_slab_cpx_ext_10B | C114: clinopyroxene | D114: MP | E114: Subhedral | F114: CPX_10 | G114: B | K114: AZ18WHT1 | L114: 44470 | M114: 0.310299 | N114: 15.89977 | O114: 50.78973 | P114: 23.11055 | Q114: 1.092402 | R114: 2.743829 | S114: 0.007659 | T114: 6.262305 | U114: 0.009839 | V114: 1.060349 | W114: 0.052437 | X114: 0.042228 | Y114: 101.3814 | Z114: 91.173568 | AA114: 10.476294 | AB114: -14690 | AC114: 13488 | AD114: -23 | AE114: 4078.4903 | AF114: 1872.5965 | AG114: 673.79424 | AH114: 7.6102324 | AI114: 2.7382998 | AJ114: 14.2327 | AK114: 4.0900034 | AM114: =100*AA114 -> 1047.6294 | AN114: =Q114+T114 -> 7.354707 | AO114: =M114/T114 -> 0.049550285
A115: 12 / 1 . | B115: AZ18_WHT01_slab_cpx_ext_10C | C115: clinopyroxene | D115: MP | E115: Subhedral | F115: CPX_10 | G115: C | K115: AZ18WHT1 | L115: 44470 | M115: 0.418828 | N115: 16.01843 | O115: 51.1045 | P115: 22.9267 | Q115: 1.2262 | R115: 2.774256 | S115: 0.014587 | T115: 6.295747 | U115: 0.010768 | V115: 1.023596 | W115: 0.051228 | X115: 0.047888 | Y115: 101.9127 | Z115: 91.144614 | AA115: 11.555938 | AB115: -14665 | AC115: 13414 | AD115: -23 | AE115: 4120.9485 | AF115: 1878.627 | AG115: 692.49798 | AH115: 7.6347401 | AI115: 2.8143118 | AJ115: 14.156688 | AK115: 4.1377265 | AM115: =100*AA115 -> 1155.5938 | AN115: =Q115+T115 -> 7.521947 | AO115: =M115/T115 -> 0.066525545
A116: 10 / 1 . | B116: AZ18_WHT01_slab_cpx_ext_10A | C116: clinopyroxene | D116: MP | E116: Subhedral | F116: CPX_10 | G116: A | K116: AZ18WHT1 | L116: 44470 | M116: 0.745379 | N116: 16.18814 | O116: 51.40749 | P116: 21.74869 | Q116: 1.327083 | R116: 2.608126 | S116: 0.000944 | T116: 6.027135 | U116: 0.006427 | V116: 0.748668 | W116: 0.054832 | X116: 0.055118 | Y116: 100.918 | Z116: 91.710985 | AA116: 12.869953 | AB116: -14647 | AC116: 13448 | AD116: -23 | AE116: 4130.9272 | AF116: 1883.2609 | AG116: 683.88764 | AH116: 7.6535721 | AI116: 2.7793193 | AJ116: 14.191681 | AK116: 4.1458712 | AM116: =100*AA116 -> 1286.9953 | AN116: =Q116+T116 -> 7.354218 | AO116: =M116/T116 -> 0.12367053
A117: 58 / 1 . | B117: AZ18_WHT01_slab_cpx_large_52 | C117: clinopyroxene | D117: MP | E117: Subhedral | F117: CPX_52 | K117: AZ18WHT1 | L117: 44470 | M117: 0.443019 | N117: 15.86129 | O117: 50.33239 | P117: 22.30716 | Q117: 1.458289 | R117: 2.85417 | S117: 0.000383 | T117: 6.433239 | U117: 0.008587 | V117: 0.96541 | W117: 0.062453 | X117: 0.045682 | Y117: 100.7721 | Z117: 90.830933 | AA117: 13.199519 | AB117: -17640 | AC117: 194 | AD117: 25 | AE117: 4264.8293 | AF117: 1087.3282 | AG117: 4038.1189 | AH117: 4.4189016 | AI117: 16.410915 | AJ117: 0.56008474 | AK117: 4.1584446 | AM117: =100*AA117 -> 1319.9519 | AN117: =Q117+T117 -> 7.891528 | AO117: =M117/T117 -> 0.068864067
A118: 59 / 1 . | B118: AZ18_WHT01_slab_cpx_large_53 | C118: clinopyroxene | D118: MP | E118: Subhedral | F118: CPX_53 | K118: AZ18WHT1 | L118: 44470 | M118: 0.890781 | N118: 14.82525 | O118: 48.50468 | P118: 21.02392 | Q118: 1.412403 | R118: 2.830599 | S118: 0.00979 | T118: 8.664549 | U118: 0.015549 | V118: 1.156836 | W118: 0.063477 | X118: 0.055945 | Y118: 99.45379 | Z118: 90.325331 | AA118: 9.8574554 | AB118: -16986 | AC118: 530 | AD118: 25 | AE118: 4839.5597 | AF118: 1252.6837 | AG118: 3952.7582 | AH118: 5.0909064 | AI118: 16.064009 | AJ118: 0.90699066 | AK118: 4.7756052 | AM118: =100*AA118 -> 985.74554 | AN118: =Q118+T118 -> 10.076952 | AO118: =M118/T118 -> 0.10280754
A119: 61 / 1 . | B119: AZ18_WHT01_slab_cpx_large_55 | C119: clinopyroxene | D119: MP | E119: Subhedral | F119: CPX_55 | K119: AZ18WHT1 | L119: 44470 | M119: 0.462306 | N119: 16.15643 | O119: 50.78964 | P119: 22.30816 | Q119: 1.137845 | R119: 2.735913 | S119: 0.007143 | T119: 6.238495 | U119: 0.006351 | V119: 0.963248 | W119: 0.062351 | X119: 0.059407 | Y119: 100.9273 | Z119: 91.324508 | AA119: 10.901698 | AB119: -16531 | AC119: 684 | AD119: 29 | AE119: 5258.2278 | AF119: 1367.4578 | AG119: 3913.5464 | AH119: 5.5573484 | AI119: 15.904653 | AJ119: 1.0663473 | AK119: 5.2168537 | AM119: =100*AA119 -> 1090.1698 | AN119: =Q119+T119 -> 7.37634 | AO119: =M119/T119 -> 0.074105373
A120: 60 / 1 . | B120: AZ18_WHT01_slab_cpx_large_54 | C120: clinopyroxene | D120: MP | E120: Subhedral | F120: CPX_54 | K120: AZ18WHT1 | L120: 44470 | M120: 0.91301 | N120: 14.25055 | O120: 46.79967 | P120: 21.29238 | Q120: 2.042776 | R120: 2.659761 | S120: 0.003207 | T120: 9.92473 | U120: 0.006764 | V120: 1.198947 | W120: 0.061758 | X120: 0.046638 | Y120: 99.20019 | Z120: 90.522028 | AA120: 12.132547 | AB120: -16039 | AC120: 977 | AD120: 25 | AE120: 5681.1029 | AF120: 1491.9882 | AG120: 3839.1543 | AH120: 6.0634402 | AI120: 15.602323 | AJ120: 1.3686769 | AK120: 5.6751486 | AM120: =100*AA120 -> 1213.2547 | AN120: =Q120+T120 -> 11.967506 | AO120: =M120/T120 -> 0.091993435
A121: 64 / 1 . | B121: AZ18_WHT01_slab_cpx_large_57 | C121: clinopyroxene | D121: MP | E121: Subhedral | F121: CPX_57 | K121: AZ18WHT1 | L121: 44470 | M121: 0.897965 | N121: 14.78992 | O121: 48.42138 | P121: 21.16663 | Q121: 1.80066 | R121: 2.867363 | S121: 0.0025 | T121: 9.265364 | U121: 0.015189 | V121: 1.163894 | W121: 0.046941 | X121: 0.056188 | Y121: 100.494 | Z121: 90.190892 | AA121: 11.533706 | AB121: -15911 | AC121: 1656 | AD121: 29 | AE121: 5648.9122 | AF121: 1526.4027 | AG121: 3667.332 | AH121: 6.2033005 | AI121: 14.904037 | AJ121: 2.0669627 | AK121: 5.7046132 | AM121: =100*AA121 -> 1153.3706 | AN121: =Q121+T121 -> 11.066024 | AO121: =M121/T121 -> 0.096916322
A122: 62 / 1 . | B122: AZ18_WHT01_slab_cpx_large_56A | C122: clinopyroxene | D122: MP | E122: Subhedral | F122: CPX_56 | G122: A | K122: AZ18WHT1 | L122: 44470 | M122: 0.878523 | N122: 14.75231 | O122: 48.5694 | P122: 21.38519 | Q122: 1.997146 | R122: 2.712358 | S122: 1.2e-05 | T122: 8.861875 | U122: 0.007113 | V122: 1.130168 | W122: 0.059772 | X122: 0.059655 | Y122: 100.4135 | Z122: 90.650126 | AA122: 13.132923 | AB122: -15525 | AC122: 1617 | AD122: 29 | AE122: 6044.1132 | AF122: 1623.204 | AG122: 3676.9778 | AH122: 6.5967011 | AI122: 14.943238 | AJ122: 2.0277623 | AK122: 6.1042112 | AM122: =100*AA122 -> 1313.2923 | AN122: =Q122+T122 -> 10.859021 | AO122: =M122/T122 -> 0.099135115
A123: 63 / 1 . | B123: AZ18_WHT01_slab_cpx_large_56B | C123: clinopyroxene | D123: MP | E123: Subhedral | F123: CPX_56 | G123: B | K123: AZ18WHT1 | L123: 44470 | M123: 0.778162 | N123: 16.92678 | O123: 51.42426 | P123: 20.98467 | Q123: 1.110148 | R123: 2.717334 | S123: 0.000717 | T123: 5.842257 | U123: 0.009884 | V123: 0.651024 | W123: 0.059091 | X123: 0.054611 | Y123: 100.5589 | Z123: 91.738305 | AA123: 11.30616 | AB123: -15490 | AC123: 1631 | AD123: 29 | AE123: 6075.8103 | AF123: 1632.04 | AG123: 3673.4167 | AH123: 6.6326105 | AI123: 14.928765 | AJ123: 2.0422346 | AK123: 6.1378327 | AM123: =100*AA123 -> 1130.616 | AN123: =Q123+T123 -> 6.952405 | AO123: =M123/T123 -> 0.13319544
A124: 65 / 1 . | B124: AZ18_WHT01_slab_cpx_large_58 | C124: clinopyroxene | D124: MP | E124: Subhedral | F124: CPX_58 | K124: AZ18WHT1 | L124: 44470 | M124: 0.432392 | N124: 16.69774 | O124: 51.06662 | P124: 22.19792 | Q124: 1.273304 | R124: 2.685071 | S124: 0.010012 | T124: 5.499282 | U124: 0.008916 | V124: 0.835154 | W124: 0.073181 | X124: 0.064262 | Y124: 100.8439 | Z124: 91.725558 | AA124: 13.444446 | AB124: -15309 | AC124: 1959 | AD124: 29 | AE124: 6179.4281 | AF124: 1678.5896 | AG124: 3590.348 | AH124: 6.8217883 | AI124: 14.591174 | AJ124: 2.3798257 | AK124: 6.2736388 | AM124: =100*AA124 -> 1344.4446 | AN124: =Q124+T124 -> 6.772586 | AO124: =M124/T124 -> 0.078626992
A125: 66 / 1 . | B125: AZ18_WHT01_slab_cpx_large_59 | C125: clinopyroxene | D125: MP | E125: Subhedral | F125: CPX_59 | K125: AZ18WHT1 | L125: 44470 | M125: 0.904158 | N125: 14.87601 | O125: 48.74734 | P125: 21.14284 | Q125: 2.290878 | R125: 2.685585 | S125: 0.005013 | T125: 8.881982 | U125: 0.007283 | V125: 1.099258 | W125: 0.071094 | X125: 0.056215 | Y125: 100.7677 | Z125: 90.803831 | AA125: 14.750486 | AB125: -15156 | AC125: 2215 | AD125: 30 | AE125: 6272.0322 | AF125: 1717.8671 | AG125: 3525.5073 | AH125: 6.9814119 | AI125: 14.327662 | AJ125: 2.6433385 | AK125: 6.3916023 | AM125: =100*AA125 -> 1475.0486 | AN125: =Q125+T125 -> 11.17286 | AO125: =M125/T125 -> 0.10179687
A126: 67 / 1 . | B126: AZ18_WHT01_slab_cpx_large_60 | C126: clinopyroxene | D126: MP | E126: Subhedral | F126: CPX_60 | K126: AZ18WHT1 | L126: 44470 | M126: 0.84132 | N126: 17.61327 | O126: 52.28246 | P126: 19.52696 | Q126: 1.021854 | R126: 3.227126 | S126: 0.0018 | T126: 5.603734 | U126: 0.01087 | V126: 0.421146 | W126: 0.09121 | X126: 0.066541 | Y126: 100.7083 | Z126: 90.679576 | AA126: 10.89965 | AB126: -14352 | AC126: 2392 | AD126: 30 | AE126: 7034.2741 | AF126: 1920.3586 | AG126: 3480.2797 | AH126: 7.8043372 | AI126: 14.143857 | AJ126: 2.8271434 | AK126: 7.1854689 | AM126: =100*AA126 -> 1089.965 | AN126: =Q126+T126 -> 6.625588 | AO126: =M126/T126 -> 0.15013561
A127: 68 / 1 . | B127: AZ18_WHT01_slab_cpx_large_61 | C127: clinopyroxene | D127: MP | E127: Space-Filling | F127: CPX_61 | K127: AZ18WHT1 | L127: 44470 | M127: 1.05678 | N127: 15.34574 | O127: 49.22813 | P127: 19.87015 | Q127: 1.934114 | R127: 3.150984 | S127: 0.007522 | T127: 8.910186 | U127: 0.014291 | V127: 1.086684 | W127: 0.078738 | X127: 0.051809 | Y127: 100.7351 | Z127: 89.67095 | AA127: 12.710939 | AB127: -14122 | AC127: 2516 | AD127: 30 | AE127: 7235.0198 | AF127: 1978.5306 | AG127: 3448.7839 | AH127: 8.0407484 | AI127: 14.015858 | AJ127: 2.955142 | AK127: 7.4016442 | AM127: =100*AA127 -> 1271.0939 | AN127: =Q127+T127 -> 10.8443 | AO127: =M127/T127 -> 0.11860358
A128: 14 / 1 . | B128: AZ18_WHT01_slab_cpx_ext_12 | C128: clinopyroxene | D128: MP | E128: Subhedral | F128: CPX_12 | K128: AZ18WHT1 | L128: 44470 | M128: 0.356907 | N128: 18.51749 | O128: 53.67385 | P128: 20.82745 | Q128: 1.221916 | R128: 3.061523 | S128: 0.010576 | T128: 3.329412 | U128: 0.008071 | V128: 0.46509 | W128: 0.116436 | X128: 0.049707 | Y128: 101.6384 | Z128: 91.512391 | AA128: 19.756354 | AB128: -10897 | AC128: 13573 | AD128: -18 | AE128: 7851.437 | AF128: 2825.3739 | AG128: 650.14106 | AH128: 11.482319 | AI128: 2.6421733 | AJ128: 14.328827 | AK128: 7.9327317 | AM128: =100*AA128 -> 1975.6354 | AN128: =Q128+T128 -> 4.551328 | AO128: =M128/T128 -> 0.10719821
A129: 13 / 1 . | B129: AZ18_WHT01_slab_cpx_ext_11 | C129: clinopyroxene | D129: MP | E129: Subhedral | F129: CPX_11 | K129: AZ18WHT1 | L129: 44470 | M129: 0.818727 | N129: 18.13242 | O129: 51.83417 | P129: 18.45201 | Q129: 1.204076 | R129: 3.292166 | S129: 0.002345 | T129: 6.393337 | U129: 0.00993 | V129: 0.653349 | W129: 0.096148 | X129: 0.056945 | Y129: 100.9456 | Z129: 90.756168 | AA129: 11.217026 | AB129: -10861 | AC129: 13632 | AD129: -18 | AE129: 7873.5177 | AF129: 2834.6115 | AG129: 635.19688 | AH129: 11.519861 | AI129: 2.5814401 | AJ129: 14.38956 | AK129: 7.9517244 | AM129: =100*AA129 -> 1121.7026 | AN129: =Q129+T129 -> 7.597413 | AO129: =M129/T129 -> 0.12805942
A130: 15 / 1 . | B130: AZ18_WHT01_slab_cpx_ext_13 | C130: clinopyroxene | D130: MP | E130: Subhedral | F130: CPX_13 | K130: AZ18WHT1 | L130: 44470 | M130: 0.396797 | N130: 15.9573 | O130: 48.43 | P130: 22.19778 | Q130: 1.573284 | R130: 2.761248 | S130: 1.2e-05 | T130: 6.445765 | U130: 0.00693 | V130: 0.950174 | W130: 0.068698 | X130: 0.045957 | Y130: 98.83396 | Z130: 91.15169 | AA130: 14.070138 | AB130: -9184 | AC130: 12396 | AD130: -18 | AE130: 9842.1165 | AF130: 3251.6031 | AG130: 946.88501 | AH130: 13.214515 | AI130: 3.8481407 | AJ130: 13.122859 | AK130: 10.033251 | AM130: =100*AA130 -> 1407.0138 | AN130: =Q130+T130 -> 8.019049 | AO130: =M130/T130 -> 0.061559334
A131: 16 / 1 . | B131: AZ18_WHT01_slab_cpx_ext_14 | C131: clinopyroxene | D131: MP | E131: Anhedral | F131: CPX_14 | K131: AZ18WHT1 | L131: 44470 | M131: 0.559193 | N131: 17.66166 | O131: 51.14995 | P131: 20.43869 | Q131: 1.749137 | R131: 2.981235 | S131: 1.2e-05 | T131: 3.88164 | U131: 0.003804 | V131: 0.448496 | W131: 0.106077 | X131: 0.029791 | Y131: 99.00967 | Z131: 91.349873 | AA131: 23.212448 | AB131: -9004 | AC131: 12726 | AD131: -18 | AE131: 9944.2624 | AF131: 3297.9083 | AG131: 863.311 | AH131: 13.402699 | AI131: 3.5084959 | AJ131: 13.462504 | AK131: 10.117702 | AM131: =100*AA131 -> 2321.2448 | AN131: =Q131+T131 -> 5.630777 | AO131: =M131/T131 -> 0.14406102
A132: 19 / 1 . | B132: AZ18_WHT01_slab_cpx_ext_17 | C132: clinopyroxene | D132: MP | E132: Euhedral | F132: CPX_17 | K132: AZ18WHT1 | L132: 44470 | M132: 0.445592 | N132: 15.67639 | O132: 48.6574 | P132: 22.22444 | Q132: 1.104433 | R132: 2.743784 | S132: 1.2e-05 | T132: 6.543858 | U132: 0.005 | V132: 0.911386 | W132: 0.050183 | X132: 0.048417 | Y132: 98.41089 | Z132: 91.059172 | AA132: 10.170585 | AB132: -8235 | AC132: 12724 | AD132: -18 | AE132: 10713.734 | AF132: 3491.0118 | AG132: 863.38042 | AH132: 14.187472 | AI132: 3.508778 | AJ132: 13.462222 | AK132: 10.902561 | AM132: =100*AA132 -> 1017.0585 | AN132: =Q132+T132 -> 7.648291 | AO132: =M132/T132 -> 0.068093165
A133: 20 / 1 . | B133: AZ18_WHT01_slab_cpx_ext_18 | C133: clinopyroxene | D133: MP | E133: Euhedral | F133: CPX_18 | K133: AZ18WHT1 | L133: 44470 | M133: 0.367653 | N133: 16.06157 | O133: 48.41325 | P133: 22.80587 | Q133: 0.992476 | R133: 2.744067 | S133: 0.007513 | T133: 5.896554 | U133: 0.013901 | V133: 0.869373 | W133: 0.065168 | X133: 0.052363 | Y133: 98.28976 | Z133: 91.25402 | AA133: 10.145708 | AB133: -8090 | AC133: 12712 | AD133: -18 | AE133: 10861.565 | AF133: 3527.3839 | AG133: 866.33346 | AH133: 14.335288 | AI133: 3.5207792 | AJ133: 13.450221 | AK133: 11.054042 | AM133: =100*AA133 -> 1014.5708 | AN133: =Q133+T133 -> 6.88903 | AO133: =M133/T133 -> 0.062350485
...

Sheet CPX_Published
A1: Source | B1: Grain_Name | C1: Category | D1: Marked_bad | E1: Ignore | F1: SiO2 | G1: TiO2 | H1: Al2O3 | I1: Cr2O3 | J1: FeO | K1: MnO | L1: NiO | M1: MgO | N1: CaO | O1: Na2O | P1: Total | Q1: Mg# | R1: Cr# | T1: Ce
A2: Alibert 1994 | B2: TRU 1 | C2: Alibert 1994 | F2: 51.69 | G2: 0.18 | H2: 4.6 | I2: 0.58 | J2: 2.9 | K2: 0.06 | L2: 0.06 | M2: 16.48 | N2: 21.81 | O2: 0.73 | P2: 99.1 | Q2: 91 | R2: 7.83859 | T2: 14.2
A3: Alibert 1994 | B3: TRU 1 | C3: Alibert 1994 | F3: 51.83 | G3: 0.13 | H3: 4.05 | I3: 0.4 | J3: 2.88 | K3: 0.08 | L3: 0.03 | M3: 16.37 | N3: 22.21 | O3: 0.62 | P3: 98.59 | Q3: 91.03 | R3: 6.1431624 | T3: 14.2
A4: Alibert 1994 | B4: TRU 2 | C4: Alibert 1994 | F4: 51.75 | G4: 0.13 | H4: 5.08 | I4: 0.7 | J4: 3.13 | K4: 0.1 | L4: 0.06 | M4: 16.35 | N4: 21.21 | O4: 0.93 | P4: 99.45 | Q4: 90.3 | R4: 8.4937238 | T4: 0.483
A5: Alibert 1994 | B5: TRU 2 | C5: Alibert 1994 | F5: 51.8 | G5: 0.15 | H5: 5.14 | I5: 0.62 | J5: 2.99 | K5: 0.12 | L5: 0.03 | M5: 15.94 | N5: 21.28 | O5: 0.92 | P5: 98.97 | Q5: 90.5 | R5: 7.5416667 | T5: 0.483
A6: Alibert 1994 | B6: TRU 3 | C6: Alibert 1994 | F6: 53.16 | G6: 0.03 | H6: 3.72 | I6: 0.44 | J6: 2.85 | K6: 0.1 | L6: 0.03 | M6: 16.85 | N6: 22.34 | O6: 0.8 | P6: 100.34 | Q6: 91.33 | R6: 7.3099415 | T6: 5.78
A7: Alibert 1994 | B7: TRU 3 | C7: Alibert 1994 | F7: 52.22 | G7: 0.07 | H7: 4.44 | I7: 0.64 | J7: 2.96 | K7: 0.1 | L7: 0.05 | M7: 16.67 | N7: 21.75 | O7: 0.81 | P7: 99.72 | Q7: 90.93 | R7: 8.7954111 | T7: 5.78
A8: Alibert 1994 | B8: TRU 4 | C8: Alibert 1994 | F8: 54.45 | G8: 0 | H8: 2.47 | I8: 0.09 | J8: 2.36 | K8: 0.13 | L8: 0 | M8: 17.29 | N8: 23.95 | O8: 0.36 | P8: 101.13 | Q8: 92.9 | R8: 2.3364486 | T8: 2.57
A9: Alibert 1994 | B9: TRU 4 | C9: Alibert 1994 | F9: 54.36 | G9: 0.01 | H9: 2.94 | I9: 0.12 | J9: 2.41 | K9: 0.12 | L9: 0.03 | M9: 17.15 | N9: 23.36 | O9: 0.42 | P9: 100.94 | Q9: 92.68 | R9: 2.7365129 | T9: 2.57
A10: Alibert 1994 | B10: TRU 5 | C10: Alibert 1994 | F10: 52.38 | G10: 0.05 | H10: 3.74 | I10: 0.54 | J10: 2.86 | K10: 0.07 | L10: 0.02 | M10: 16.83 | N10: 23.28 | O10: 0.38 | P10: 100.16 | Q10: 91.29 | R10: 8.8737201 | T10: 96
A11: Alibert 1994 | B11: TRU 5 | C11: Alibert 1994 | F11: 52.42 | G11: 0.09 | H11: 3.62 | I11: 0.46 | J11: 2.8 | K11: 0.07 | L11: 0.08 | M11: 16.96 | N11: 22.96 | O11: 0.36 | P11: 99.84 | Q11: 91.54 | R11: 7.8744819 | T11: 96
A12: Alibert 1994 | B12: TRU 6 | C12: Alibert 1994 | F12: 52.96 | G12: 0.09 | H12: 3.91 | I12: 0.61 | J12: 2.83 | K12: 0.06 | L12: 0.02 | M12: 16.9 | N12: 23.3 | O12: 0.33 | P12: 101.02 | Q12: 91.42 | R12: 9.4535519 | T12: 17.9
A13: Alibert 1994 | B13: TRU 6 | C13: Alibert 1994 | F13: 52.98 | G13: 0.11 | H13: 3.83 | I13: 0.47 | J13: 2.59 | K13: 0 | L13: 0 | M13: 16.76 | N13: 23.05 | O13: 0.33 | P13: 100.14 | Q13: 92.02 | R13: 7.5268817 | T13: 17.9
... A21: Alibert 1994 | B21: TRU 31 | C21: Alibert 1994 | F21: 52.05 | G21: 0.29 | H21: 4.76 | I21: 1 | J21: 3.03 | K21: 0.07 | L21: 0.03 | M21: 16.35 | N21: 21.21 | O21: 0.84 | P21: 99.63 | Q21: 90.57 | R21: 12.360515 | T21: 18.7
A22: Li et al. 2008 | B22: GC2a | C22: Li et al. 2008 | F22: 53.3 | H22: 1.71 | I22: 0.32 | J22: 2.04 | K22: 0.08 | L22: 0.05 | M22: 17.87 | N22: 24.54 | O22: 0.29 | P22: 100.19 | Q22: 93.981407 | R22: 11.153562
A23: Li et al. 2008 | B23: GC2b | C23: Li et al. 2008 | F23: 52.15 | G23: 0.11 | H23: 3.98 | I23: 0.44 | J23: 2.46 | K23: 0.09 | L23: 0.06 | M23: 16.75 | N23: 23.59 | O23: 0.59 | P23: 100.22 | Q23: 92.38825 | R23: 6.9042891
A24: Li et al. 2008 | B24: GC2c | C24: Li et al. 2008 | F24: 53.44 | G24: 0.04 | H24: 3.33 | I24: 0.41 | J24: 2.51 | K24: 0.09 | L24: 0.05 | M24: 16.99 | N24: 23.39 | O24: 0.56 | P24: 100.8 | Q24: 92.346693 | R24: 7.6294437
A25: Li et al. 2008 | B25: GC2e | C25: Li et al. 2008 | F25: 52.25 | G25: 0.12 | H25: 4.39 | I25: 0.43 | J25: 2.7 | K25: 0.1 | L25: 0.05 | M25: 16.62 | N25: 23.04 | O25: 0.74 | P25: 100.44 | Q25: 91.647776 | R25: 6.1657381
A26: Li et al. 2008 | B26: GC2x | C26: Li et al. 2008 | F26: 52.14 | G26: 0.08 | H26: 4.43 | I26: 0.43 | J26: 2.55 | K26: 0.08 | L26: 0.04 | M26: 16.36 | N26: 22.5 | O26: 0.45 | P26: 99.06 | Q26: 91.959196 | R26: 6.113469

Sheet Olivine Core Pivot Table
A3: Row Labels | B3: Average of CaO | C3: StdDev of CaO | D3: Count of CaO | E3: Average of Cr2O3 | F3: StdDev of Cr2O3 | G3: Average of Al2O3 | H3: StdDev of Al2O3 | I3: Count of Al2O3 | J3: Average of P2O5 | K3: StdDev of P2O5 | L3: Count of P2O5 | M3: Average of TiO2 | N3: StdDev of TiO2 | O3: Average of Fo# | P3: StdDev of Fo# | Q3: Count of Fo# | R3: Average of MnO | S3: StdDev of MnO
A4: yes | B4: 0.40163985 | C4: 1.5027749 | D4: 194 | E4: 0.066070944 | F4: 0.34673301 | G4: 0.53984525 | H4: 2.817824 | I4: 193 | J4: 0.017514534 | K4: 0.042718985 | L4: 167 | M4: 0.046325126 | N4: 0.25377501 | O4: 83.515517 | P4: 19.955259 | Q4: 193 | R4: 0.14750947 | S4: 0.049151458
A5: (blank) | B5: 0.11849237 | C5: 0.055286792 | D5: 1025 | E5: 0.0283592 | F5: 0.023151766 | G5: 0.022778581 | H5: 0.012748316 | I5: 993 | J5: 0.016186227 | K5: 0.0098958935 | L5: 846 | M5: 0.014524973 | N5: 0.0069079605 | O5: 86.510586 | P5: 8.7851064 | Q5: 1034 | R5: 0.16715258 | S5: 0.032053421
A6: core | B6: 0.050205254 | C6: 0.011513875 | D6: 261 | E6: 0.013209198 | F6: 0.0079598183 | G6: 0.0094071589 | H6: 0.0051283789 | I6: 235 | J6: 0.013414857 | K6: 0.0082913526 | L6: 175 | M6: 0.0088461149 | N6: 0.0042199664 | O6: 89.889057 | P6: 0.59652661 | Q6: 261 | R6: 0.1451253 | S6: 0.0090385268
A7: AZ18 WHT01 | B7: 0.056161645 | C7: 0.0087169533 | D7: 155 | E7: 0.015806462 | F7: 0.0082112014 | G7: 0.010827079 | H7: 0.0036766862 | I7: 151 | J7: 0.017452614 | K7: 0.0058201355 | L7: 101 | M7: 0.011175716 | N7: 0.0033382277 | O7: 89.726286 | P7: 0.18772353 | Q7: 155 | R7: 0.14582816 | S7: 0.0079620709
A8: AZ18 WHT06 | B8: 0.036855612 | C8: 0.0078540858 | D8: 49 | E8: 0.012200467 | F8: 0.0035317806 | G8: 0.00295675 | H8: 0.0027457834 | I8: 28 | J8: 0.0031193571 | K8: 0.0023104878 | L8: 28 | M8: 0.0056055306 | N8: 0.0034246151 | O8: 89.705827 | P8: 1.0730391 | Q8: 49 | R8: 0.14625408 | S8: 0.012202958
A9: GCB1 | B9: 0.043914167 | C9: 0.0032796961 | D9: 8 | E9: 0.008001875 | F9: 0.0032300607 | G9: 0.0056940476 | H9: 0.0017120993 | I9: 7 | M9: 0.003794375 | N9: 0.0028562785 | O9: 89.926819 | P9: 0.090526006 | Q9: 8 | R9: 0.15927333 | S9: 0.0058655542
A10: GCB1A R31 | B10: 0.055111632 | C10: 0.0051722644 | D10: 19 | E10: 0.020155526 | F10: 0.0058617009 | G10: 0.011458842 | H10: 0.0013301739 | I10: 19 | J10: 0.020675579 | K10: 0.0034980047 | L10: 19 | M10: 0.005238 | N10: 0.0024172671 | O10: 90.68362 | P10: 0.32865885 | Q10: 19 | R10: 0.14100874 | S10: 0.0049299932
A11: Xenocryst | B11: 0.039805233 | C11: 0.0058665192 | D11: 30 | E11: 0.0073264 | F11: 0.0061334115 | G11: 0.0078476 | H11: 0.0086196372 | I11: 30 | J11: 0.0038780741 | K11: 0.0023058257 | L11: 27 | M11: 0.0057350667 | N11: 0.0017725056 | O11: 90.516022 | P11: 0.096849131 | Q11: 30 | R11: 0.1384845 | S11: 0.0030314402
A12: rim | B12: 0.067840556 | C12: 0.019701809 | D12: 6 | E12: 0.0170125 | F12: 0.0080437169 | G12: 0.0081111111 | H12: 0.0042647683 | I12: 6 | M12: 0.0061105556 | N12: 0.0027488722 | O12: 90.313083 | P12: 0.46694524 | Q12: 6 | R12: 0.15672722 | S12: 0.0091175241
A13: (blank) | B13: 0.13776859 | C13: 0.041293465 | D13: 669 | E13: 0.035424864 | F13: 0.0225637 | G13: 0.026894155 | H13: 0.010274511 | I13: 663 | J13: 0.017405338 | K13: 0.010155301 | L13: 586 | M13: 0.016165917 | N13: 0.0061336378 | O13: 84.983345 | P13: 10.409887 | Q13: 678 | R13: 0.17578245 | S13: 0.030740922
A14: AZ18 WHT01 | B14: 0.10946954 | C14: 0.057105616 | D14: 92 | E14: 0.041011143 | F14: 0.023200155 | G14: 0.016663484 | H14: 0.010903723 | I14: 91 | J14: 0.015961824 | K14: 0.0088468225 | L14: 68 | M14: 0.016473424 | N14: 0.0075532678 | O14: 89.562777 | P14: 2.3750895 | Q14: 92 | R14: 0.14859255 | S14: 0.034189137
A15: AZ18 WHT06 | B15: 0.14430359 | C15: 0.032977189 | D15: 515 | E15: 0.021771556 | F15: 0.010791265 | G15: 0.028456502 | H15: 0.0076519808 | I15: 510 | J15: 0.016527581 | K15: 0.00870716 | L15: 470 | M15: 0.016481621 | N15: 0.0055536424 | O15: 85.251485 | P15: 3.0236986 | Q15: 515 | R15: 0.18213655 | S15: 0.026218146
A16: GCB1 | B16: 0.14595083 | C16: 0.0065702005 | D16: 2 | E16: 0.10557167 | F16: 0.047816918 | G16: 0.030263333 | H16: 0.0037382378 | I16: 2 | M16: 0.0062358333 | N16: 0.0020635733 | O16: 92.478 | P16: 0.1399077 | Q16: 2 | R16: 0.11407417 | S16: 0.00046786899
A17: GCB1A R31 | B17: 0.092379222 | C17: 0.021316586 | D17: 9 | E17: 0.038083556 | F17: 0.010031853 | G17: 0.016027111 | H17: 0.0074602841 | I17: 9 | J17: 0.017571556 | K17: 0.0096872407 | L17: 9 | M17: 0.0066393333 | N17: 0.0021073914 | O17: 91.691305 | P17: 0.28980088 | Q17: 9 | R17: 0.13299422 | S17: 0.004269293
A18: MP | B18: 0.20958 | C18: #DIV/0! | D18: 1 | E18: 0.10846 | F18: #DIV/0! | G18: 0.03265 | H18: #DIV/0! | I18: 1 | M18: 0.00934 | N18: #DIV/0! | O18: 93.104722 | P18: #DIV/0! | Q18: 1 | R18: 0.12209 | S18: #DIV/0!
A19: Phenocryst | B19: 0.158789 | C19: 0.036616448 | D19: 24 | E19: 0.039231708 | F19: 0.0072750247 | G19: 0.043692708 | H19: 0.0095706325 | I19: 24 | J19: 0.041060958 | K19: 0.0086374085 | L19: 24 | M19: 0.018311917 | N19: 0.0060904455 | O19: 86.523928 | P19: 2.219154 | Q19: 24 | R19: 0.18005383 | S19: 0.031537029
A20: San Carlos | B20: 0.10843875 | C20: 0.0058727118 | D20: 4 | E20: 0.021435 | F20: 0.0053645688 | G20: 0.040094 | H20: 0.00098752451 | I20: 4 | J20: 0.02405525 | K20: 0.001327223 | L20: 4 | M20: 0.00708425 | N20: 0.001367733 | O20: 90.211456 | P20: 0.054609161 | Q20: 4 | R20: 0.14526675 | S20: 0.0031263602
A21: Scoria | B21: 0.12762667 | C21: 0.087391079 | D21: 8 | E21: 0.026247917 | F21: 0.016426437 | G21: 0.026999167 | H21: 0.020013202 | I21: 8 | M21: 0.014089583 | N21: 0.010549368 | O21: 86.97516 | P21: 3.2796314 | Q21: 8 | R21: 0.18577292 | S21: 0.050569778
A22: Xenocryst | B22: 0.084359929 | C22: 0.040121062 | D22: 14 | E22: 0.013211286 | F22: 0.0078342183 | G22: 0.0099440714 | H22: 0.0069511944 | I22: 14 | J22: 0.0096666364 | K22: 0.015127672 | L22: 11 | M22: 0.0106645 | N22: 0.0054724791 | O22: 88.422389 | P22: 1.9386535 | Q22: 14 | R22: 0.15656371 | S22: 0.01902668
A23: (blank) | O23: 0 | P23: 0 | Q23: 9
A24: overgrowth | B24: 0.17726828 | C24: 0.04343575 | D24: 89 | E24: 0.044761103 | F24: 0.027152784 | G24: 0.028415247 | H24: 0.01774971 | I24: 89 | J24: 0.013487294 | K24: 0.009526 | L24: 85 | M24: 0.019411236 | N24: 0.0084597171 | O24: 87.981078 | P24: 4.0284095 | Q24: 89 | R24: 0.16758276 | S24: 0.050230274
A25: AZ18 WHT01 | B25: 0.1509839 | C25: 0.026385242 | D25: 30 | E25: 0.065452526 | F25: 0.035198334 | G25: 0.033873433 | H25: 0.025734292 | I25: 30 | J25: 0.0078287586 | K25: 0.0040325524 | L25: 29 | M25: 0.018657267 | N25: 0.0037719138 | O25: 91.392729 | P25: 0.4277291 | Q25: 30 | R25: 0.12382267 | S25: 0.010123802
A26: AZ18 WHT06 | B26: 0.19864188 | C26: 0.033263736 | D26: 25 | E26: 0.0530398 | F26: 0.0060971678 | G26: 0.02392556 | H26: 0.016670338 | I26: 25 | J26: 0.011592136 | K26: 0.0067781543 | L26: 22 | M26: 0.0154722 | N26: 0.0084413836 | O26: 87.544552 | P26: 3.7333354 | Q26: 25 | R26: 0.1713316 | S26: 0.050725243
A27: GCB1A R31 | B27: 0.14414863 | C27: 0.016723343 | D27: 8 | E27: 0.050801125 | F27: 0.0089316764 | G27: 0.027119375 | H27: 0.0040536107 | I27: 8 | J27: 0.00417575 | K27: 0.002254256 | L27: 8 | M27: 0.008286375 | N27: 0.0013123674 | O27: 92.004844 | P27: 0.24437351 | Q27: 8 | R27: 0.13578425 | S27: 0.0083973938
A28: Xenocryst | B28: 0.19723554 | C28: 0.051394941 | D28: 26 | E28: 0.026189923 | F28: 0.0071572459 | G28: 0.026833077 | H28: 0.0032149838 | I28: 26 | J28: 0.024267423 | K28: 0.0076003996 | L28: 26 | M28: 0.027491769 | N28: 0.0065432066 | O28: 83.226211 | P28: 0.81344841 | Q28: 26 | R28: 0.22425469 | S28: 0.017226396
A29: Grand Total | B29: 0.1635544 | C29: 0.6092246 | D29: 1219 | E29: 0.038644221 | F29: 0.1823162 | G29: 0.10692181 | H29: 1.1502594 | I29: 1186 | J29: 0.016405207 | K29: 0.019528311 | L29: 1013 | M29: 0.019585867 | N29: 0.1018844 | O29: 86.039479 | P29: 11.339371 | Q29: 1227 | R29: 0.16402644 | S29: 0.036031416
A30: Plots Below !!!
A34: Row Labels | B34: Average of CaO | C34: StdDev of CaO | D34: Count of CaO | E34: Average of Cr2O3 | F34: StdDev of Cr2O3 | G34: Average of Al2O3 | H34: StdDev of Al2O3 | I34: Count of Al2O3 | J34: Average of P2O5 | K34: StdDev of P2O5 | L34: Count of P2O5 | M34: Average of TiO2 | N34: StdDev of TiO2 | O34: Average of Fo# | P34: StdDev of Fo# | Q34: Count of Fo# | R34: Average of MnO | S34: StdDev of MnO
A35: Cores
A36: AZ18 WHT01 | B36: 0.056161645 | C36: 0.0087169533 | D36: 155 | E36: 0.015806462 | F36: 0.0082112014 | G36: 0.010827079 | H36: 0.0036766862 | I36: 151 | J36: 0.017452614 | K36: 0.0058201355 | L36: 101 | M36: 0.011175716 | N36: 0.0033382277 | O36: 89.726286 | P36: 0.18772353 | Q36: 155 | R36: 0.14582816 | S36: 0.0079620709
A37: AZ18 WHT06 | B37: 0.036855612 | C37: 0.0078540858 | D37: 49 | E37: 0.012200467 | F37: 0.0035317806 | G37: 0.00295675 | H37: 0.0027457834 | I37: 28 | J37: 0.0031193571 | K37: 0.0023104878 | L37: 28 | M37: 0.0056055306 | N37: 0.0034246151 | O37: 89.705827 | P37: 1.0730391 | Q37: 49 | R37: 0.14625408 | S37: 0.012202958
A39: GCB1A R31 | B39: 0.055111632 | C39: 0.0051722644 | D39: 19 | E39: 0.020155526 | F39: 0.0058617009 | G39: 0.011458842 | H39: 0.0013301739 | I39: 19 | J39: 0.020675579 | K39: 0.0034980047 | L39: 19 | M39: 0.005238 | N39: 0.0024172671 | O39: 90.68362 | P39: 0.32865885 | Q39: 19 | R39: 0.14100874 | S39: 0.0049299932
A40: Xenocrysts | B40: 0.039805233 | C40: 0.0058665192 | D40: 30 | E40: 0.0073264 | F40: 0.0061334115 | G40: 0.0078476 | H40: 0.0086196372 | I40: 30 | J40: 0.0038780741 | K40: 0.0023058257 | L40: 27 | M40: 0.0057350667 | N40: 0.0017725056 | O40: 90.516022 | P40: 0.096849131 | Q40: 30 | R40: 0.1384845 | S40: 0.0030314402
A42: overgrowth | Q42: 46
A43: AZ18 WHT01 | B43: 0.1509839 | C43: 0.026385242 | D43: 30 | E43: 0.065452526 | F43: 0.035198334 | G43: 0.033873433 | H43: 0.025734292 | I43: 30 | J43: 0.0078287586 | K43: 0.0040325524 | L43: 29 | M43: 0.018657267 | N43: 0.0037719138 | O43: 91.392729 | P43: 0.4277291 | Q43: 30 | R43: 0.12382267 | S43: 0.010123802
A44: AZ18 WHT06 | B44: 0.18170838 | C44: 0.024513463 | D44: 8 | E44: 0.0530398 | F44: 0.0060971678 | G44: 0.041164625 | H44: 0.020544039 | I44: 8 | J44: 0.002851 | K44: 0.0022807126 | L44: 5 | M44: 0.004968125 | N44: 0.0047114879 | O44: 92.846627 | P44: 0.39747729 | Q44: 8 | R44: 0.1713316 | S44: 0.050725243
A45: GCB1A R31 | B45: 0.14414863 | C45: 0.016723343 | D45: 8 | E45: 0.050801125 | F45: 0.0089316764 | G45: 0.027119375 | H45: 0.0040536107 | I45: 8 | J45: 0.00417575 | K45: 0.002254256 | L45: 8 | M45: 0.008286375 | N45: 0.0013123674 | O45: 92.004844 | P45: 0.24437351 | Q45: 8 | R45: 0.13578425 | S45: 0.0083973938
A46: Xenocryst | B46: 0.19723554 | C46: 0.051394941 | D46: 26 | E46: 0.026189923 | F46: 0.0071572459 | G46: 0.026833077 | H46: 0.0032149838 | I46: 26 | J46: 0.024267423 | K46: 0.0076003996 | L46: 26 | M46: 0.027491769 | N46: 0.0065432066 | O46: 83.226211 | P46: 0.81344841 | Q46: 26 | R46: 0.22425469 | S46: 0.017226396
A47: Phenocrysts | B47: 0.158789 | C47: 0.036616448 | D47: 24 | E47: 0.039231708 | F47: 0.0072750247 | G47: 0.043692708 | H47: 0.0095706325 | I47: 24 | J47: 0.041060958 | K47: 0.0086374085 | L47: 24 | M47: 0.018311917 | N47: 0.0060904455 | O47: 86.523928 | P47: 2.219154 | Q47: 24 | R47: 0.18005383 | S47: 0.031537029
B52: CPX Summary | C52: Olivine | D52: Olivine | E52: Olivine
B53: NaO2 | C53: CaO | D53: Al2O3 | E53: P2O5
A54: GCB1
A55: Primary | B55: 0.466855 | C55: 0.055111632 | D55: 0.011458842 | E55: 0.020675579
A56: stdev | B56: 0.013034788 | C56: 0.0051722644 | D56: 0.0013301739 | E56: 0.0034980047
A58: AZ18WHT1
A59: Primary | B59: 0.5446154 | C59: 0.056161645 | D59: 0.010827079 | E59: 0.017452614
A60: stdev | B60: 0.015125361 | C60: 0.0087169533 | D60: 0.0036766862 | E60: 0.0058201355
A62: AZ18WHT6
A63: Primary | B63: 0.303449 | C63: 0.036855612 | D63: 0.00295675 | E63: 0.0031193571
A64: stdev | B64: 0.010821562 | C64: 0.0078540858 | D64: 0.0027457834 | E64: 0.0023104878

Sheet Olivine
A1: DataSet/Point | B1: Comment | C1: Phase | D1: Category | E1: Shape | F1: Grain_Name | G1: Profile | H1: Profile_Number | I1: Profile_Name | J1: Paired_Grains | K1: Xenolith_Or_Sample | L1: Collection Date | M1: Marked_bad | N1: Ignore | O1: Na2O | P1: MgO | Q1: SiO2 | R1: CaO | S1: Cr2O3 | T1: FeO | U1: K2O | V1: Al2O3 | W1: P2O5 | X1: TiO2 | Y1: MnO | Z1: NiO | AA1: Total | AB1: Fo# | AC1: Cr# | AD1: X | AE1: Y | AF1: Z | AG1: Beam X | AH1: Beam Y | AI1: X-Distance from Edge | AJ1: Image_X | AK1: Image_Y | AL1: X_mm | AM1: Y_mm | AN1: Y_mm_offset | AO1: Edge distance x mm | AP1: Distance µm | AQ1: Core_Rim
B2: Primary core Summary | C2: olivine | D2: Summary Average | I2: =_xlfn.CONCAT(K2,"_",F2,"_",H2) -> GCB1__ | K2: GCB1 | L2: 43282 | N2: yes | P2: 49.595897 | Q2: 40.885497 | R2: 0.04524 | S2: 0.008973 | T2: 9.857125 | V2: 0.0046 | X2: 0.003969 | Y2: 0.156804 | Z2: 0.394084 | AA2: 100.95673 | AB2: 89.969033
B3: R-1_ol-1_A | C3: olivine | D3: Primary | I3: =_xlfn.CONCAT(K3,"_",F3,"_",H3) -> GCB1__ | K3: GCB1 | L3: 43282 | P3: 49.721075 | Q3: 40.58927 | R3: 0.04746 | S3: 0.01329 | T3: 9.796135 | V3: 0.006095 | X3: 0.006485 | Y3: 0.15288 | Z3: 0.39035 | AA3: 100.72305 | AB3: 90.047461 | AQ3: core
B4: R-2_ol-6_G | C4: olivine | D4: Primary | I4: =_xlfn.CONCAT(K4,"_",F4,"_",H4) -> GCB1__ | K4: GCB1 | L4: 43282 | P4: 49.594965 | Q4: 40.745685 | R4: 0.041135 | S4: 0.009435 | T4: 9.94514 | V4: 0.003685 | X4: 0.002205 | Y4: 0.14929 | Z4: 0.389885 | AA4: 100.8859 | AB4: 89.888346 | AQ4: core
B5: R-20_ol-1_A | C5: olivine | D5: Primary | I5: =_xlfn.CONCAT(K5,"_",F5,"_",H5) -> GCB1__ | K5: GCB1 | L5: 43282 | P5: 49.520297 | Q5: 41.017347 | R5: 0.047693333 | S5: 0.00465 | T5: 9.9032733 | V5: 0.0030433333 | X5: 0.0062533333 | Y5: 0.15866333 | Z5: 0.3976 | AA5: 101.0656 | AB5: 89.912978 | AQ5: core
B6: R-21_ol-1_C | C6: olivine | D6: Primary | I6: =_xlfn.CONCAT(K6,"_",F6,"_",H6) -> GCB1__ | K6: GCB1 | L6: 43282 | P6: 49.588667 | Q6: 41.04434 | R6: 0.044043333 | S6: 0.01011 | T6: 9.79296 | V6: 0.00577 | X6: 0.0011833333 | Y6: 0.16257 | Z6: 0.39585667 | AA6: 101.05087 | AB6: 90.026592 | AQ6: core
B7: Primary rim Summary | C7: olivine | D7: Summary Average | I7: =_xlfn.CONCAT(K7,"_",F7,"_",H7) -> GCB1__ | K7: GCB1 | L7: 43282 | N7: yes | P7: 49.780276 | Q7: 41.024326 | R7: 0.06201375 | S7: 0.01185375 | T7: 9.7502375 | V7: 0.00588125 | X7: 0.00541875 | Y7: 0.15616375 | Z7: 0.38431375 | AA7: 101.18466 | AB7: 90.100004
B8: R-1_ol-1_B | C8: olivine | D8: Primary | I8: =_xlfn.CONCAT(K8,"_",F8,"_",H8) -> GCB1__ | K8: GCB1 | L8: 43282 | P8: 49.954025 | Q8: 40.879695 | R8: 0.048945 | S8: 0.00787 | T8: 9.84532 | V8: 0.006425 | X8: 0.00366 | Y8: 0.15258 | Z8: 0.39483 | AA8: 101.29555 | AB8: 90.044481 | AQ8: rim
B9: R-20_ol-1_B | C9: olivine | D9: Primary | I9: =_xlfn.CONCAT(K9,"_",F9,"_",H9) -> GCB1__ | K9: GCB1 | L9: 43282 | P9: 49.581927 | Q9: 41.22382 | R9: 0.053596667 | S9: 0.014423333 | T9: 9.74458 | V9: 0.0059066667 | X9: 0.00916 | Y9: 0.16105667 | Z9: 0.38284 | AA9: 101.18617 | AB9: 90.069331 | AQ9: rim
B10: R-22_ol-1_A | C10: olivine | D10: Primary | I10: =_xlfn.CONCAT(K10,"_",F10,"_",H10) -> GCB1__ | K10: GCB1 | L10: 43282 | P10: 49.862793 | Q10: 40.921253 | R10: 0.079143333 | S10: 0.01194 | T10: 9.6925067 | V10: 0.0054933333 | X10: 0.00285 | Y10: 0.15366 | Z10: 0.37877667 | AA10: 101.10923 | AB10: 90.167693 | AQ10: rim
B11: Primary interior Summary | C11: olivine | D11: Summary Average | I11: =_xlfn.CONCAT(K11,"_",F11,"_",H11) -> GCB1__ | K11: GCB1 | L11: 43282 | N11: yes | P11: 50.041555 | Q11: 40.543496 | R11: 0.078200476 | S11: 0.03725381 | T11: 9.1139905 | V11: 0.013140476 | X11: 0.0053404762 | Y11: 0.14897 | Z11: 0.36070952 | AA11: 100.34664 | AB11: 90.728297
B12: Primary core Summary | C12: olivine | D12: Summary Average | I12: =_xlfn.CONCAT(K12,"_",F12,"_",H12) -> GCB1__ | K12: GCB1 | L12: 43282 | N12: yes | P12: 49.577903 | Q12: 40.493403 | R12: 0.043168889 | S12: 0.0068766667 | T12: 9.9486089 | V12: 0.0055111111 | X12: 0.0036422222 | Y12: 0.1623 | Z12: 0.36730111 | AA12: 100.61185 | AB12: 89.881576
B13: R-30_ol-1_A | C13: olivine | D13: Primary | I13: =_xlfn.CONCAT(K13,"_",F13,"_",H13) -> GCB1__ | K13: GCB1 | L13: 43282 | P13: 49.343437 | Q13: 40.42346 | R13: 0.046556667 | S13: 0.00883 | T13: 9.9300667 | V13: 0.00659 | X13: 0.0043233333 | Y13: 0.15913333 | Z13: 0.36854333 | AA13: 100.29248 | AB13: 89.855836 | AQ13: core
B14: R-31_ol-1_B | C14: olivine | D14: Primary | I14: =_xlfn.CONCAT(K14,"_",F14,"_",H14) -> GCB1__ | K14: GCB1 | L14: 43282 | P14: 49.844225 | Q14: 41.019935 | R14: 0.044725 | S14: 0.005075 | T14: 9.96317 | V14: 0.00706 | X14: 0.007885 | Y14: 0.167325 | Z14: 0.36395 | AA14: 101.42335 | AB14: 89.916978 | AQ14: core
B15: R-31_ol-3_A | C15: olivine | D15: Primary | I15: =_xlfn.CONCAT(K15,"_",F15,"_",H15) -> GCB1__ | K15: GCB1 | L15: 43282 | P15: 49.288305 | Q15: 40.00326 | R15: 0.03996 | S15: 0.003825 | T15: 10.004045 | X15: 0.002 | Y15: 0.160225 | Z15: 0.37028 | AA15: 99.878715 | AB15: 89.777729 | AQ15: core
B16: R-5_ol-4_A | C16: olivine | D16: Primary | I16: =_xlfn.CONCAT(K16,"_",F16,"_",H16) -> GCB1__ | K16: GCB1 | L16: 43282 | P16: 49.95288 | Q16: 40.56193 | R16: 0.03974 | S16: 0.0088 | T16: 9.906425 | V16: 0.007615 | X16: 2e-05 | Y16: 0.1641 | Z16: 0.36581 | AA16: 101.01255 | AB16: 89.988629 | AQ16: core
B17: Primary rim Summary | C17: olivine | D17: Summary Average | I17: =_xlfn.CONCAT(K17,"_",F17,"_",H17) -> GCB1__ | K17: GCB1 | L17: 43282 | N17: yes | P17: 49.862797 | Q17: 40.435381 | R17: 0.074184286 | S17: 0.022681429 | T17: 9.2404343 | V17: 0.010341429 | X17: 0.0070928571 | Y17: 0.15680429 | Z17: 0.35553 | AA17: 100.16889 | AB17: 90.581285
B18: R-30_ol-1_Rim | C18: olivine | D18: Primary | I18: =_xlfn.CONCAT(K18,"_",F18,"_",H18) -> GCB1__ | K18: GCB1 | L18: 43282 | P18: 50.185347 | Q18: 40.4899 | R18: 0.068573333 | S18: 0.023086667 | T18: 8.98306 | V18: 0.010706667 | X18: 0.0076633333 | Y18: 0.15149667 | Z18: 0.37084 | AA18: 100.29423 | AB18: 90.875009 | AQ18: rim
B19: R-31_ol-1_A | C19: olivine | D19: Primary | I19: =_xlfn.CONCAT(K19,"_",F19,"_",H19) -> GCB1__ | K19: GCB1 | L19: 43282 | P19: 49.136055 | Q19: 39.923905 | R19: 0.0557 | S19: 0.01486 | T19: 9.943 | V19: 0.015635 | X19: 0.008765 | Y19: 0.173235 | Z19: 0.374995 | AA19: 99.650985 | AB19: 89.805502 | AQ19: rim
B20: R-31_ol-3_Rim | C20: olivine | D20: Primary | I20: =_xlfn.CONCAT(K20,"_",F20,"_",H20) -> GCB1__ | K20: GCB1 | L20: 43282 | P20: 50.105715 | Q20: 40.86508 | R20: 0.101085 | S20: 0.029895 | T20: 8.92393 | V20: 0.0045 | X20: 0.004565 | Y20: 0.148335 | Z20: 0.3131 | AA20: 100.49879 | AB20: 90.916482 | AQ20: rim
B21: Melt Pocket Summary | C21: olivine | D21: Summary Average | I21: =_xlfn.CONCAT(K21,"_",F21,"_",H21) -> GCB1__ | K21: GCB1 | L21: 43282 | N21: yes | P21: 51.126388 | Q21: 40.785024 | R21: 0.14688 | S21: 0.112334 | T21: 7.434656 | V21: 0.030792 | X21: 0.005944 | Y21: 0.114008 | Z21: 0.356096 | AA21: 100.11809 | AB21: 92.458214
B22: R-30_ol-_melt pocket | C22: olivine | D22: MP | I22: =_xlfn.CONCAT(K22,"_",F22,"_",H22) -> GCB1__ | K22: GCB1 | L22: 43282 | P22: 51.312977 | Q22: 40.785257 | R22: 0.15059667 | S22: 0.13938333 | T22: 7.5459867 | V22: 0.032906667 | X22: 0.0047766667 | Y22: 0.11374333 | Z22: 0.35535 | AA22: 100.44853 | AB22: 92.37907
B23: R-31_ol-_melt pocket | C23: olivine | D23: MP | I23: =_xlfn.CONCAT(K23,"_",F23,"_",H23) -> GCB1__ | K23: GCB1 | L23: 43282 | P23: 50.846505 | Q23: 40.784675 | R23: 0.141305 | S23: 0.07176 | T23: 7.26766 | V23: 0.02762 | X23: 0.007695 | Y23: 0.114405 | Z23: 0.357215 | AA23: 99.622415 | AB23: 92.576929
B24: scoria Summary | C24: olivine | D24: Summary Average | I24: =_xlfn.CONCAT(K24,"_",F24,"_",H24) -> Scoria__ | K24: Scoria | L24: 43282 | N24: yes | P24: 47.505939 | Q24: 40.156763 | R24: 0.12242 | S24: 0.0235735 | T24: 12.394644 | V24: 0.023122 | X24: 0.0138515 | Y24: 0.1846305 | Z24: 0.323316 | AA24: 100.75712 | AB24: 87.192088
B25: Summary core Summary | C25: olivine | D25: Summary Average | I25: =_xlfn.CONCAT(K25,"_",F25,"_",H25) -> Scoria__ | K25: Scoria | L25: 43282 | N25: yes | P25: 48.574744 | Q25: 40.304346 | R25: 0.096471429 | S25: 0.028737143 | T25: 11.090179 | V25: 0.025947143 | X25: 0.0086657143 | Y25: 0.15979286 | Z25: 0.37633429 | AA25: 100.67361 | AB25: 88.64572
B26: Scoria_ol-2_A | C26: olivine | D26: Phenocryst | I26: =_xlfn.CONCAT(K26,"_",F26,"_",H26) -> Scoria__ | K26: Scoria | L26: 43282 | P26: 47.933453 | Q26: 40.759013 | R26: 0.14007333 | S26: 0.046443333 | T26: 11.922713 | V26: 0.045286667 | X26: 0.014396667 | Y26: 0.17379667 | Z26: 0.35171 | AA26: 101.3941 | AB26: 87.754983
B27: Scoria_ol-24_A | C27: olivine | D27: Phenocryst | I27: =_xlfn.CONCAT(K27,"_",F27,"_",H27) -> Scoria__ | K27: Scoria | L27: 43282 | P27: 48.12274 | Q27: 40.1636 | R27: 0.15565 | S27: 0.03997 | T27: 12.51844 | V27: 0.04002 | X27: 0.01239 | Y27: 0.20353 | Z27: 0.31522 | AA27: 101.5849 | AB27: 87.265295
B28: Scoria_ol-6_A | C28: olivine | D28: Phenocryst | I28: =_xlfn.CONCAT(K28,"_",F28,"_",H28) -> Scoria__ | K28: Scoria | L28: 43282 | P28: 49.366703 | Q28: 39.896593 | R28: 0.033143333 | S28: 0.0072866667 | T28: 9.7815567 | V28: 0.0019166667 | X28: 0.0016933333 | Y28: 0.13121 | Z28: 0.42133 | AA28: 99.649353 | AB28: 89.996597
B29: overgrowth summary | C29: olivine | D29: Summary Average | I29: =_xlfn.CONCAT(K29,"_",F29,"_",H29) -> Scoria__ | K29: Scoria | L29: 43282 | N29: yes | P29: 43.270897 | Q29: 39.50421 | R29: 0.29755667 | S29: 0.0162 | T29: 17.538013 | V29: 0.02727 | X29: 0.034326667 | Y29: 0.2924 | Z29: 0.13632667 | AA29: 101.12413 | AB29: 81.47391
B30: Scoria_ol-6_Rim_Overgrowth | C30: olivine | D30: Phenocryst | I30: =_xlfn.CONCAT(K30,"_",F30,"_",H30) -> Scoria__ | K30: Scoria | L30: 43282 | P30: 43.270897 | Q30: 39.50421 | R30: 0.29755667 | S30: 0.0162 | T30: 17.538013 | V30: 0.02727 | X30: 0.034326667 | Y30: 0.2924 | Z30: 0.13632667 | AA30: 101.12413 | AB30: 81.47391
B31: Scoria rim Summary | C31: olivine | D31: Summary Average | I31: =_xlfn.CONCAT(K31,"_",F31,"_",H31) -> Scoria__ | K31: Scoria | L31: 43282 | N31: yes | P31: 48.028288 | Q31: 40.249221 | R31: 0.088043 | S31: 0.022171 | T31: 11.76476 | V31: 0.0199 | X31: 0.011339 | Y31: 0.169686 | Z31: 0.3423 | AA31: 100.70547 | AB31: 87.89
B32: Scoria_ol-2_D | C32: olivine | D32: Phenocryst | I32: =_xlfn.CONCAT(K32,"_",F32,"_",H32) -> Scoria__ | K32: Scoria | L32: 43282 | P32: 45.385313 | Q32: 39.62035 | R32: 0.15215333 | S32: 0.03951 | T32: 15.116783 | V32: 0.037043333 | X32: 0.020606667 | Y32: 0.20622 | Z32: 0.23497 | AA32: 100.82867 | AB32: 84.253459
B33: Scoria_ol-24_C | C33: olivine | D33: Phenocryst | I33: =_xlfn.CONCAT(K33,"_",F33,"_",H33) -> Scoria__ | K33: Scoria | L33: 43282 | P33: 45.92887 | Q33: 38.45922 | R33: 0.15167 | S33: 0.03927 | T33: 14.99999 | V33: 0.05275 | X33: 0.01817 | Y33: 0.17944 | Z33: 0.26421 | AA33: 100.1132 | AB33: 84.515746
B34: Scoria_ol-6_E | C34: olivine | D34: Phenocryst | I34: =_xlfn.CONCAT(K34,"_",F34,"_",H34) -> Scoria__ | K34: Scoria | L34: 43282 | P34: 49.457723 | Q34: 41.423557 | R34: 0.04754 | S34: 0.010976667 | T34: 9.3699433 | V34: 0.00338 | X34: 0.00762 | Y34: 0.14486 | Z34: 0.41339 | AA34: 100.8847 | AB34: 90.392943
B35: Scoria_ol-6_Rim_before Overgrowth | C35: olivine | D35: Phenocryst | I35: =_xlfn.CONCAT(K35,"_",F35,"_",H35) -> Scoria__ | K35: Scoria | L35: 43282 | P35: 49.941633 | Q35: 40.300423 | R35: 0.043226667 | S35: 0.010326667 | T35: 9.7291433 | V35: 0.0083266667 | X35: 0.0035133333 | Y35: 0.15472667 | Z35: 0.40457 | AA35: 100.60047 | AB35: 90.148349
B36: R-11_ol-_melt pocket | C36: olivine | D36: MP | I36: =_xlfn.CONCAT(K36,"_",F36,"_",H36) -> MP__ | K36: MP | L36: 43282 | P36: 51.76302 | Q36: 40.946425 | R36: 0.20958 | S36: 0.10846 | T36: 6.833435 | V36: 0.03265 | X36: 0.00934 | Y36: 0.12209 | Z36: 0.37192 | AA36: 100.40545 | AB36: 93.104722
B37: San Carlos | C37: olivine | D37: Standard | I37: =_xlfn.CONCAT(K37,"_",F37,"_",H37) -> standard__ | K37: standard | L37: 43282 | N37: yes | P37: 49.11144 | Q37: 40.808777 | R37: 0.10538667 | S37: 0.01941 | T37: 9.7294733 | V37: 0.02388 | X37: 0.00574 | Y37: 0.15731667 | Z37: 0.37714667 | AA37: 100.34732 | AB37: 89.997874
I38: =_xlfn.CONCAT(K38,"_",F38,"_",H38) -> __
I39: =_xlfn.CONCAT(K39,"_",F39,"_",H39) -> __
A40: 1 / 1 . | B40: San_Carlos_EDS | C40: olivine | D40: Standard | I40: =_xlfn.CONCAT(K40,"_",F40,"_",H40) -> San Carlos__ | K40: San Carlos | L40: 44013 | N40: yes | P40: 49.73917 | Q40: 41.22001 | R40: 0.106488 | T40: 9.767123 | V40: 0.022128 | W40: 0.00313 | X40: 0.003756 | Y40: 0.128981 | Z40: 0.372289 | AA40: 101.3631 | AB40: 90.077224 | AD40: 7312 | AE40: 31440 | AF40: 35
A41: 2 / 1 . | B41: San_Carlos_EDS_2 | C41: olivine | D41: Standard | I41: =_xlfn.CONCAT(K41,"_",F41,"_",H41) -> San Carlos__ | K41: San Carlos | L41: 44013 | N41: yes | P41: 49.75155 | Q41: 41.34103 | R41: 0.10355 | T41: 9.813972 | V41: 0.022833 | W41: 0.018859 | X41: 0.01005 | Y41: 0.152266 | Z41: 0.388606 | AA41: 101.6027 | AB41: 90.036607 | AD41: 7331 | AE41: 31442 | AF41: 35
A42: 8 / 1 . | B42: AZ18_WHT06_ol1x_prof_continued_ | C42: olivine | D42: Phenocryst | F42: Ol1X | G42: yes | H42: prof 1 | I42: =_xlfn.CONCAT(K42,"_",F42,"_",H42) -> AZ18 WHT06_Ol1X_prof 1 | K42: AZ18 WHT06 | L42: 44013 | P42: 45.59079 | Q42: 40.36242 | R42: 0.146354 | T42: 15.48188 | V42: 0.034344 | W42: 0.000738 | X42: 0.02963 | Y42: 0.183739 | Z42: 0.216028 | AA42: 102.0459 | AB42: 83.998265 | AD42: -6790 | AE42: -4242 | AF42: 26 | AP42: 0
A43: 8 / 2 . | B43: AZ18_WHT06_ol1x_prof_continued_ | C43: olivine | D43: Phenocryst | F43: Ol1X | G43: yes | H43: prof 1 | I43: =_xlfn.CONCAT(K43,"_",F43,"_",H43) -> AZ18 WHT06_Ol1X_prof 1 | K43: AZ18 WHT06 | L43: 44013 | P43: 45.45647 | Q43: 40.24274 | R43: 0.15911 | T43: 15.40842 | V43: 0.039286 | X43: 0.025227 | Y43: 0.180176 | Z43: 0.226754 | AA43: 101.7382 | AB43: 84.022531 | AD43: -6780.4 | AE43: -4245.2 | AF43: 26 | AP43: 10.119289
A44: 8 / 3 . | B44: AZ18_WHT06_ol1x_prof_continued_ | C44: olivine | D44: Phenocryst | F44: Ol1X | G44: yes | H44: prof 1 | I44: =_xlfn.CONCAT(K44,"_",F44,"_",H44) -> AZ18 WHT06_Ol1X_prof 1 | K44: AZ18 WHT06 | L44: 44013 | P44: 45.89732 | Q44: 40.31037 | R44: 0.144892 | T44: 15.24777 | V44: 0.03634 | W44: 0.011469 | X44: 0.023428 | Y44: 0.186548 | Z44: 0.221109 | AA44: 102.0792 | AB44: 84.290947 | AD44: -6770.8 | AE44: -4248.4 | AF44: 26 | AP44: 20.238577
A45: 8 / 4 . | B45: AZ18_WHT06_ol1x_prof_continued_ | C45: olivine | D45: Phenocryst | F45: Ol1X | G45: yes | H45: prof 1 | I45: =_xlfn.CONCAT(K45,"_",F45,"_",H45) -> AZ18 WHT06_Ol1X_prof 1 | K45: AZ18 WHT06 | L45: 44013 | P45: 45.89032 | Q45: 40.36065 | R45: 0.152555 | T45: 14.95541 | V45: 0.040489 | W45: 0.025381 | X45: 0.019762 | Y45: 0.180105 | Z45: 0.235342 | AA45: 101.86 | AB45: 84.543612 | AD45: -6761.3 | AE45: -4251.6 | AF45: 26 | AP45: 30.263047
A46: 8 / 5 . | B46: AZ18_WHT06_ol1x_prof_continued_ | C46: olivine | D46: Phenocryst | F46: Ol1X | G46: yes | H46: prof 1 | I46: =_xlfn.CONCAT(K46,"_",F46,"_",H46) -> AZ18 WHT06_Ol1X_prof 1 | K46: AZ18 WHT06 | L46: 44013 | P46: 46.03719 | Q46: 40.40064 | R46: 0.15038 | T46: 14.85838 | V46: 0.036816 | W46: 0.034731 | X46: 0.013176 | Y46: 0.178827 | Z46: 0.252648 | AA46: 101.9628 | AB46: 84.669995 | AD46: -6751.7 | AE46: -4254.8 | AF46: 26 | AP46: 40.382336
A47: 8 / 6 . | B47: AZ18_WHT06_ol1x_prof_continued_ | C47: olivine | D47: Phenocryst | F47: Ol1X | G47: yes | H47: prof 1 | I47: =_xlfn.CONCAT(K47,"_",F47,"_",H47) -> AZ18 WHT06_Ol1X_prof 1 | K47: AZ18 WHT06 | L47: 44013 | P47: 46.3011 | Q47: 40.33194 | R47: 0.145129 | T47: 14.64645 | V47: 0.039235 | W47: 0.020001 | X47: 0.026258 | Y47: 0.17654 | Z47: 0.255932 | AA47: 101.9426 | AB47: 84.928855 | AD47: -6742.1 | AE47: -4258.1 | AF47: 26 | AP47: 50.53369
A48: 8 / 7 . | B48: AZ18_WHT06_ol1x_prof_continued_ | C48: olivine | D48: Phenocryst | F48: Ol1X | G48: yes | H48: prof 1 | I48: =_xlfn.CONCAT(K48,"_",F48,"_",H48) -> AZ18 WHT06_Ol1X_prof 1 | K48: AZ18 WHT06 | L48: 44013 | P48: 46.25159 | Q48: 40.37322 | R48: 0.166365 | T48: 14.55184 | V48: 0.034709 | W48: 0.020569 | X48: 0.018807 | Y48: 0.173691 | Z48: 0.252731 | AA48: 101.8435 | AB48: 84.99797 | AD48: -6732.5 | AE48: -4261.3 | AF48: 26 | AP48: 60.652979
A49: 8 / 8 . | B49: AZ18_WHT06_ol1x_prof_continued_ | C49: olivine | D49: Phenocryst | F49: Ol1X | G49: yes | H49: prof 1 | I49: =_xlfn.CONCAT(K49,"_",F49,"_",H49) -> AZ18 WHT06_Ol1X_prof 1 | K49: AZ18 WHT06 | L49: 44013 | P49: 46.44761 | Q49: 40.57911 | R49: 0.141812 | T49: 14.37613 | V49: 0.044813 | W49: 0.024014 | X49: 0.015428 | Y49: 0.199347 | Z49: 0.281015 | AA49: 102.1093 | AB49: 85.20561 | AD49: -6722.9 | AE49: -4264.5 | AF49: 26 | AP49: 70.772267
A50: 8 / 9 . | B50: AZ18_WHT06_ol1x_prof_continued_ | C50: olivine | D50: Phenocryst | F50: Ol1X | G50: yes | H50: prof 1 | I50: =_xlfn.CONCAT(K50,"_",F50,"_",H50) -> AZ18 WHT06_Ol1X_prof 1 | K50: AZ18 WHT06 | L50: 44013 | P50: 46.57968 | Q50: 40.49598 | R50: 0.142985 | T50: 14.17305 | V50: 0.046886 | W50: 0.030418 | X50: 0.016171 | Y50: 0.169618 | Z50: 0.289609 | AA50: 101.9444 | AB50: 85.419454 | AD50: -6713.4 | AE50: -4267.7 | AF50: 26 | AP50: 80.796737
A51: 8 / 10 . | B51: AZ18_WHT06_ol1x_prof_continued_ | C51: olivine | D51: Phenocryst | F51: Ol1X | G51: yes | H51: prof 1 | I51: =_xlfn.CONCAT(K51,"_",F51,"_",H51) -> AZ18 WHT06_Ol1X_prof 1 | K51: AZ18 WHT06 | L51: 44013 | P51: 46.60506 | Q51: 40.50622 | R51: 0.145026 | T51: 14.14771 | V51: 0.042318 | W51: 0.034553 | X51: 0.013888 | Y51: 0.172762 | Z51: 0.291461 | AA51: 101.959 | AB51: 85.448506 | AD51: -6703.8 | AE51: -4270.9 | AF51: 26 | AP51: 90.916026
A52: 8 / 11 . | B52: AZ18_WHT06_ol1x_prof_continued_ | C52: olivine | D52: Phenocryst | F52: Ol1X | G52: yes | H52: prof 1 | I52: =_xlfn.CONCAT(K52,"_",F52,"_",H52) -> AZ18 WHT06_Ol1X_prof 1 | K52: AZ18 WHT06 | L52: 44013 | P52: 46.56601 | Q52: 40.6043 | R52: 0.146784 | T52: 14.11244 | V52: 0.040817 | W52: 0.023459 | X52: 0.012613 | Y52: 0.175118 | Z52: 0.303004 | AA52: 101.9846 | AB52: 85.469111 | AD52: -6694.2 | AE52: -4274.1 | AF52: 26 | AP52: 101.03531
A53: 8 / 12 . | B53: AZ18_WHT06_ol1x_prof_continued_ | C53: olivine | D53: Phenocryst | F53: Ol1X | G53: yes | H53: prof 1 | I53: =_xlfn.CONCAT(K53,"_",F53,"_",H53) -> AZ18 WHT06_Ol1X_prof 1 | K53: AZ18 WHT06 | L53: 44013 | P53: 46.34442 | Q53: 40.35004 | R53: 0.134784 | T53: 14.00813 | V53: 0.041183 | W53: 0.028608 | X53: 0.019969 | Y53: 0.189072 | Z53: 0.292891 | AA53: 101.4091 | AB53: 85.501976 | AD53: -6684.6 | AE53: -4277.3 | AF53: 26 | AP53: 111.1546
A54: 8 / 13 . | B54: AZ18_WHT06_ol1x_prof_continued_ | C54: olivine | D54: Phenocryst | F54: Ol1X | G54: yes | H54: prof 1 | I54: =_xlfn.CONCAT(K54,"_",F54,"_",H54) -> AZ18 WHT06_Ol1X_prof 1 | K54: AZ18 WHT06 | L54: 44013 | P54: 45.98975 | Q54: 39.98953 | R54: 0.130983 | T54: 13.88765 | V54: 0.036245 | W54: 0.026556 | X54: 0.015436 | Y54: 0.170463 | Z54: 0.300781 | AA54: 100.5474 | AB54: 85.513821 | AD54: -6675.1 | AE54: -4280.5 | AF54: 26 | AP54: 121.17907
A55: 8 / 14 . | B55: AZ18_WHT06_ol1x_prof_continued_ | C55: olivine | D55: Phenocryst | F55: Ol1X | G55: yes | H55: prof 1 | I55: =_xlfn.CONCAT(K55,"_",F55,"_",H55) -> AZ18 WHT06_Ol1X_prof 1 | K55: AZ18 WHT06 | L55: 44013 | P55: 46.76197 | Q55: 40.60281 | R55: 0.145499 | T55: 14.04185 | V55: 0.041627 | W55: 0.023254 | X55: 0.02201 | Y55: 0.167909 | Z55: 0.296373 | AA55: 102.1033 | AB55: 85.583163 | AD55: -6665.5 | AE55: -4283.7 | AF55: 26 | AP55: 131.29836
... A106: 9 / 45 . | B106: AZ18_WHT06_ol40newname_prof_ | C106: olivine | D106: Phenocryst | F106: ol40 | G106: yes | H106: prof 1 | I106: =_xlfn.CONCAT(K106,"_",F106,"_",H106) -> AZ18 WHT06_ol40_prof 1 | K106: AZ18 WHT06 | L106: 44013 | P106: 48.2566 | Q106: 40.89407 | R106: 0.142849 | T106: 12.03852 | V106: 0.033142 | W106: 0.027668 | X106: 0.013583 | Y106: 0.156797 | Z106: 0.361111 | AA106: 101.9243 | AB106: 87.723312 | AD106: -8213 | AE106: -2465 | AF106: 27 | AP106: 220.66523
A107: 10 / 1 . | B107: AZ18_WHT06_ol41newname_prof_ | C107: olivine | D107: Phenocryst | F107: ol41 | G107: yes | H107: prof 1 | I107: =_xlfn.CONCAT(K107,"_",F107,"_",H107) -> AZ18 WHT06_ol41_prof 1 | K107: AZ18 WHT06 | L107: 44013 | M107: bad | N107: yes | P107: 40.75611 | Q107: 36.68279 | R107: 0.193945 | T107: 13.54366 | V107: 0.024317 | X107: 0.011023 | Y107: 0.181973 | Z107: 0.142567 | AA107: 91.53641 | AB107: 84.287164 | AD107: -7973 | AE107: -2860 | AF107: 27 | AP107: 0
A108: 10 / 2 . | B108: AZ18_WHT06_ol41newname_prof_ | C108: olivine | D108: Phenocryst | F108: ol41 | G108: yes | H108: prof 1 | I108: =_xlfn.CONCAT(K108,"_",F108,"_",H108) -> AZ18 WHT06_ol41_prof 1 | K108: AZ18 WHT06 | L108: 44013 | P108: 44.56887 | Q108: 39.42009 | R108: 0.206373 | T108: 14.48423 | V108: 0.037397 | W108: 0.013657 | X108: 0.024415 | Y108: 0.22239 | Z108: 0.171375 | AA108: 99.1488 | AB108: 84.580091 | AD108: -7971.9 | AE108: -2861.4 | AF108: 27 | AP108: 1.7804494
A109: 10 / 3 . | B109: AZ18_WHT06_ol41newname_prof_ | C109: olivine | D109: Phenocryst | F109: ol41 | G109: yes | H109: prof 1 | I109: =_xlfn.CONCAT(K109,"_",F109,"_",H109) -> AZ18 WHT06_ol41_prof 1 | K109: AZ18 WHT06 | L109: 44013 | P109: 44.86823 | Q109: 39.7025 | R109: 0.196781 | T109: 14.46897 | V109: 0.025764 | W109: 0.02236 | X109: 0.027856 | Y109: 0.190149 | Z109: 0.180344 | AA109: 99.68296 | AB109: 84.680872 | AD109: -7970.7 | AE109: -2862.8 | AF109: 27 | AP109: 3.6243583
A110: 10 / 4 . | B110: AZ18_WHT06_ol41newname_prof_ | C110: olivine | D110: Phenocryst | F110: ol41 | G110: yes | H110: prof 1 | I110: =_xlfn.CONCAT(K110,"_",F110,"_",H110) -> AZ18 WHT06_ol41_prof 1 | K110: AZ18 WHT06 | L110: 44013 | P110: 44.93137 | Q110: 39.71659 | R110: 0.190571 | T110: 14.47216 | V110: 0.023815 | W110: 0.009569 | X110: 0.015435 | Y110: 0.214744 | Z110: 0.18156 | AA110: 99.75581 | AB110: 84.696246 | AD110: -7969.6 | AE110: -2864.2 | AF110: 27 | AP110: 5.4048077
A111: 10 / 5 . | B111: AZ18_WHT06_ol41newname_prof_ | C111: olivine | D111: Phenocryst | F111: ol41 | G111: yes | H111: prof 1 | I111: =_xlfn.CONCAT(K111,"_",F111,"_",H111) -> AZ18 WHT06_ol41_prof 1 | K111: AZ18 WHT06 | L111: 44013 | P111: 45.33832 | Q111: 39.9282 | R111: 0.187028 | T111: 14.1657 | V111: 0.025429 | W111: 0.012932 | X111: 0.014794 | Y111: 0.204583 | Z111: 0.215975 | AA111: 100.093 | AB111: 85.086392 | AD111: -7968.4 | AE111: -2865.6 | AF111: 27 | AP111: 7.2487165
A112: 10 / 6 . | B112: AZ18_WHT06_ol41newname_prof_ | C112: olivine | D112: Phenocryst | F112: ol41 | G112: yes | H112: prof 1 | I112: =_xlfn.CONCAT(K112,"_",F112,"_",H112) -> AZ18 WHT06_ol41_prof 1 | K112: AZ18 WHT06 | L112: 44013 | P112: 45.46536 | Q112: 40.09733 | R112: 0.184325 | T112: 14.14057 | V112: 0.027071 | W112: 0.012474 | X112: 0.019606 | Y112: 0.194931 | Z112: 0.210505 | AA112: 100.3522 | AB112: 85.144337 | AD112: -7967.3 | AE112: -2866.9 | AF112: 27 | AP112: 8.9516552
A113: 10 / 7 . | B113: AZ18_WHT06_ol41newname_prof_ | C113: olivine | D113: Phenocryst | F113: ol41 | G113: yes | H113: prof 1 | I113: =_xlfn.CONCAT(K113,"_",F113,"_",H113) -> AZ18 WHT06_ol41_prof 1 | K113: AZ18 WHT06 | L113: 44013 | P113: 45.67986 | Q113: 40.14664 | R113: 0.176958 | T113: 14.15519 | V113: 0.029425 | W113: 0.012705 | X113: 0.011621 | Y113: 0.183048 | Z113: 0.212588 | AA113: 100.608 | AB113: 85.190741 | AD113: -7966.1 | AE113: -2868.3 | AF113: 27 | AP113: 10.795564
A114: 10 / 8 . | B114: AZ18_WHT06_ol41newname_prof_ | C114: olivine | D114: Phenocryst | F114: ol41 | G114: yes | H114: prof 1 | I114: =_xlfn.CONCAT(K114,"_",F114,"_",H114) -> AZ18 WHT06_ol41_prof 1 | K114: AZ18 WHT06 | L114: 44013 | P114: 45.77798 | Q114: 40.15654 | R114: 0.171622 | T114: 14.14517 | V114: 0.030776 | W114: 0.01128 | X114: 0.016851 | Y114: 0.198301 | Z114: 0.240089 | AA114: 100.7486 | AB114: 85.226709 | AD114: -7965 | AE114: -2869.7 | AF114: 27 | AP114: 12.576013
A115: 10 / 9 . | B115: AZ18_WHT06_ol41newname_prof_ | C115: olivine | D115: Phenocryst | F115: ol41 | G115: yes | H115: prof 1 | I115: =_xlfn.CONCAT(K115,"_",F115,"_",H115) -> AZ18 WHT06_ol41_prof 1 | K115: AZ18 WHT06 | L115: 44013 | P115: 45.84246 | Q115: 40.09933 | R115: 0.170832 | T115: 14.33657 | V115: 0.028846 | W115: 0.015097 | X115: 0.018576 | Y115: 0.194923 | Z115: 0.242484 | AA115: 100.9491 | AB115: 85.074568 | AD115: -7963.8 | AE115: -2871.1 | AF115: 27 | AP115: 14.419922
A116: 10 / 10 . | B116: AZ18_WHT06_ol41newname_prof_ | C116: olivine | D116: Phenocryst | F116: ol41 | G116: yes | H116: prof 1 | I116: =_xlfn.CONCAT(K116,"_",F116,"_",H116) -> AZ18 WHT06_ol41_prof 1 | K116: AZ18 WHT06 | L116: 44013 | P116: 45.7064 | Q116: 40.22549 | R116: 0.171092 | T116: 14.27959 | V116: 0.025302 | W116: 0.008331 | X116: 0.011916 | Y116: 0.162832 | Z116: 0.232329 | AA116: 100.8233 | AB116: 85.087379 | AD116: -7962.7 | AE116: -2872.5 | AF116: 27 | AP116: 16.200372
A117: 10 / 11 . | B117: AZ18_WHT06_ol41newname_prof_ | C117: olivine | D117: Phenocryst | F117: ol41 | G117: yes | H117: prof 1 | I117: =_xlfn.CONCAT(K117,"_",F117,"_",H117) -> AZ18 WHT06_ol41_prof 1 | K117: AZ18 WHT06 | L117: 44013 | P117: 45.59233 | Q117: 40.26497 | R117: 0.162332 | T117: 14.56639 | V117: 0.025282 | W117: 0.014495 | X117: 0.019276 | Y117: 0.203968 | Z117: 0.244745 | AA117: 101.0938 | AB117: 84.801113 | AD117: -7961.6 | AE117: -2873.9 | AF117: 27 | AP117: 17.980821
A118: 10 / 12 . | B118: AZ18_WHT06_ol41newname_prof_ | C118: olivine | D118: Phenocryst | F118: ol41 | G118: yes | H118: prof 1 | I118: =_xlfn.CONCAT(K118,"_",F118,"_",H118) -> AZ18 WHT06_ol41_prof 1 | K118: AZ18 WHT06 | L118: 44013 | P118: 45.24483 | Q118: 40.12602 | R118: 0.153258 | T118: 14.72508 | V118: 0.028458 | W118: 0.016194 | X118: 0.01509 | Y118: 0.183457 | Z118: 0.228483 | AA118: 100.7209 | AB118: 84.561313 | AD118: -7960.4 | AE118: -2875.3 | AF118: 27 | AP118: 19.82473
A119: 10 / 13 . | B119: AZ18_WHT06_ol41newname_prof_ | C119: olivine | D119: Phenocryst | F119: ol41 | G119: yes | H119: prof 1 | I119: =_xlfn.CONCAT(K119,"_",F119,"_",H119) -> AZ18 WHT06_ol41_prof 1 | K119: AZ18 WHT06 | L119: 44013 | P119: 45.13263 | Q119: 40.21768 | R119: 0.162895 | T119: 14.99149 | V119: 0.028861 | W119: 0.002115 | X119: 0.016825 | Y119: 0.193604 | Z119: 0.222937 | AA119: 100.969 | AB119: 84.29292 | AD119: -7959.3 | AE119: -2876.7 | AF119: 27 | AP119: 21.605179
... A121: 10 / 15 . | B121: AZ18_WHT06_ol41newname_prof_ | C121: olivine | D121: Phenocryst | F121: ol41 | G121: yes | H121: prof 1 | I121: =_xlfn.CONCAT(K121,"_",F121,"_",H121) -> AZ18 WHT06_ol41_prof 1 | K121: AZ18 WHT06 | L121: 44013 | P121: 44.68594 | Q121: 39.99189 | R121: 0.158617 | T121: 15.77306 | V121: 0.040659 | W121: 0.000367 | X121: 0.029266 | Y121: 0.189732 | Z121: 0.156465 | AA121: 101.026 | AB121: 83.471505 | AD121: -7957 | AE121: -2879.4 | AF121: 27 | AP121: 25.154809
A122: 10 / 16 . | B122: AZ18_WHT06_ol41newname_prof_ | C122: olivine | D122: Phenocryst | F122: ol41 | G122: yes | H122: prof 1 | I122: =_xlfn.CONCAT(K122,"_",F122,"_",H122) -> AZ18 WHT06_ol41_prof 1 | K122: AZ18 WHT06 | L122: 44013 | P122: 44.223 | Q122: 39.87128 | R122: 0.166258 | T122: 15.96594 | V122: 0.088847 | X122: 0.031697 | Y122: 0.171225 | Z122: 0.155609 | AA122: 100.6739 | AB122: 83.157788 | AD122: -7955.8 | AE122: -2880.8 | AF122: 27 | AP122: 26.998718
A123: 10 / 17 . | B123: AZ18_WHT06_ol41newname_prof_ | C123: olivine | D123: Phenocryst | F123: ol41 | G123: yes | H123: prof 1 | I123: =_xlfn.CONCAT(K123,"_",F123,"_",H123) -> AZ18 WHT06_ol41_prof 1 | K123: AZ18 WHT06 | L123: 44013 | P123: 44.14928 | Q123: 40.02417 | R123: 0.130782 | T123: 16.67814 | V123: 0.036151 | W123: 0.000596 | X123: 0.025571 | Y123: 0.185646 | Z123: 0.138839 | AA123: 101.3692 | AB123: 82.513629 | AD123: -7954.7 | AE123: -2882.2 | AF123: 27 | AP123: 28.779168
A124: 10 / 18 . | B124: AZ18_WHT06_ol41newname_prof_ | C124: olivine | D124: Phenocryst | F124: ol41 | G124: yes | H124: prof 1 | I124: =_xlfn.CONCAT(K124,"_",F124,"_",H124) -> AZ18 WHT06_ol41_prof 1 | K124: AZ18 WHT06 | L124: 44013 | P124: 43.75975 | Q124: 39.70542 | R124: 0.13413 | T124: 17.07167 | V124: 0.033387 | W124: 0.005913 | X124: 0.024221 | Y124: 0.17009 | Z124: 0.121139 | AA124: 101.0257 | AB124: 82.044394 | AD124: -7953.6 | AE124: -2883.6 | AF124: 27 | AP124: 30.559617
A125: 10 / 19 . | B125: AZ18_WHT06_ol41newname_prof_ | C125: olivine | D125: Phenocryst | F125: ol41 | G125: yes | H125: prof 1 | I125: =_xlfn.CONCAT(K125,"_",F125,"_",H125) -> AZ18 WHT06_ol41_prof 1 | K125: AZ18 WHT06 | L125: 44013 | P125: 43.63259 | Q125: 39.83868 | R125: 0.140927 | T125: 17.11346 | V125: 0.030799 | W125: 0.01155 | X125: 0.016913 | Y125: 0.212722 | Z125: 0.140099 | AA125: 101.1377 | AB125: 81.96537 | AD125: -7952.4 | AE125: -2885 | AF125: 27 | AP125: 32.403526
A126: 10 / 20 . | B126: AZ18_WHT06_ol41newname_prof_ | C126: olivine | D126: Phenocryst | F126: ol41 | G126: yes | H126: prof 1 | I126: =_xlfn.CONCAT(K126,"_",F126,"_",H126) -> AZ18 WHT06_ol41_prof 1 | K126: AZ18 WHT06 | L126: 44013 | P126: 43.44287 | Q126: 39.84343 | R126: 0.142716 | T126: 17.29926 | V126: 0.034092 | X126: 0.026468 | Y126: 0.184041 | Z126: 0.139589 | AA126: 101.1125 | AB126: 81.740247 | AD126: -7951.3 | AE126: -2886.4 | AF126: 27 | AP126: 34.183975
A127: 10 / 21 . | B127: AZ18_WHT06_ol41newname_prof_ | C127: olivine | D127: Phenocryst | F127: ol41 | G127: yes | H127: prof 1 | I127: =_xlfn.CONCAT(K127,"_",F127,"_",H127) -> AZ18 WHT06_ol41_prof 1 | K127: AZ18 WHT06 | L127: 44013 | P127: 43.66496 | Q127: 39.79388 | R127: 0.145956 | T127: 17.47992 | V127: 0.033722 | W127: 0.003343 | X127: 0.022859 | Y127: 0.197752 | Z127: 0.14297 | AA127: 101.4854 | AB127: 81.66116 | AD127: -7950.1 | AE127: -2887.8 | AF127: 27 | AP127: 36.027884
A128: 10 / 22 . | B128: AZ18_WHT06_ol41newname_prof_ | C128: olivine | D128: Phenocryst | F128: ol41 | G128: yes | H128: prof 1 | I128: =_xlfn.CONCAT(K128,"_",F128,"_",H128) -> AZ18 WHT06_ol41_prof 1 | K128: AZ18 WHT06 | L128: 44013 | P128: 43.44444 | Q128: 39.64687 | R128: 0.143391 | T128: 17.4808 | V128: 0.031894 | W128: 0.007833 | X128: 0.021897 | Y128: 0.194149 | Z128: 0.145634 | AA128: 101.1169 | AB128: 81.584454 | AD128: -7949 | AE128: -2889.2 | AF128: 27 | AP128: 37.808334
A129: 10 / 23 . | B129: AZ18_WHT06_ol41newname_prof_ | C129: olivine | D129: Phenocryst | F129: ol41 | G129: yes | H129: prof 1 | I129: =_xlfn.CONCAT(K129,"_",F129,"_",H129) -> AZ18 WHT06_ol41_prof 1 | K129: AZ18 WHT06 | L129: 44013 | P129: 43.57218 | Q129: 39.86618 | R129: 0.150851 | T129: 17.45229 | V129: 0.039612 | W129: 0.024287 | X129: 0.014982 | Y129: 0.185428 | Z129: 0.150676 | AA129: 101.4565 | AB129: 81.652994 | AD129: -7947.8 | AE129: -2890.5 | AF129: 27 | AP129: 39.577514
A130: 10 / 24 . | B130: AZ18_WHT06_ol41newname_prof_ | C130: olivine | D130: Phenocryst | F130: ol41 | G130: yes | H130: prof 1 | I130: =_xlfn.CONCAT(K130,"_",F130,"_",H130) -> AZ18 WHT06_ol41_prof 1 | K130: AZ18 WHT06 | L130: 44013 | P130: 43.64425 | Q130: 39.77385 | R130: 0.139227 | T130: 17.33087 | V130: 0.03913 | W130: 0.032667 | X130: 0.02231 | Y130: 0.210716 | Z130: 0.154053 | AA130: 101.3471 | AB130: 81.781985 | AD130: -7946.7 | AE130: -2891.9 | AF130: 27 | AP130: 41.357964
A131: 10 / 25 . | B131: AZ18_WHT06_ol41newname_prof_ | C131: olivine | D131: Phenocryst | F131: ol41 | G131: yes | H131: prof 1 | I131: =_xlfn.CONCAT(K131,"_",F131,"_",H131) -> AZ18 WHT06_ol41_prof 1 | K131: AZ18 WHT06 | L131: 44013 | P131: 43.63811 | Q131: 39.89658 | R131: 0.13895 | T131: 17.24059 | V131: 0.038872 | W131: 0.025074 | X131: 0.014771 | Y131: 0.195945 | Z131: 0.164449 | AA131: 101.3533 | AB131: 81.857586 | AD131: -7945.5 | AE131: -2893.3 | AF131: 27 | AP131: 43.201872
A132: 10 / 26 . | B132: AZ18_WHT06_ol41newname_prof_ | C132: olivine | D132: Phenocryst | F132: ol41 | G132: yes | H132: prof 1 | I132: =_xlfn.CONCAT(K132,"_",F132,"_",H132) -> AZ18 WHT06_ol41_prof 1 | K132: AZ18 WHT06 | L132: 44013 | P132: 43.6457 | Q132: 39.89201 | R132: 0.139472 | T132: 17.28301 | V132: 0.034461 | W132: 0.023881 | X132: 0.018529 | Y132: 0.201985 | Z132: 0.160914 | AA132: 101.4 | AB132: 81.823644 | AD132: -7944.4 | AE132: -2894.7 | AF132: 27 | AP132: 44.982322
A133: 10 / 27 . | B133: AZ18_WHT06_ol41newname_prof_ | C133: olivine | D133: Phenocryst | F133: ol41 | G133: yes | H133: prof 1 | I133: =_xlfn.CONCAT(K133,"_",F133,"_",H133) -> AZ18 WHT06_ol41_prof 1 | K133: AZ18 WHT06 | L133: 44013 | P133: 43.63539 | Q133: 39.85472 | R133: 0.13984 | T133: 17.24143 | V133: 0.038137 | W133: 0.014207 | X133: 0.011734 | Y133: 0.186259 | Z133: 0.170364 | AA133: 101.2921 | AB133: 81.855935 | AD133: -7943.3 | AE133: -2896.1 | AF133: 27 | AP133: 46.762771
A134: 10 / 28 . | B134: AZ18_WHT06_ol41newname_prof_ | C134: olivine | D134: Phenocryst | F134: ol41 | G134: yes | H134: prof 1 | I134: =_xlfn.CONCAT(K134,"_",F134,"_",H134) -> AZ18 WHT06_ol41_prof 1 | K134: AZ18 WHT06 | L134: 44013 | P134: 43.70063 | Q134: 39.8319 | R134: 0.134559 | T134: 17.17969 | V134: 0.032653 | W134: 0.025717 | X134: 0.021592 | Y134: 0.197053 | Z134: 0.181728 | AA134: 101.3055 | AB134: 81.931283 | AD134: -7942.1 | AE134: -2897.5 | AF134: 27 | AP134: 48.60668
A135: 10 / 29 . | B135: AZ18_WHT06_ol41newname_prof_ | C135: olivine | D135: Phenocryst | F135: ol41 | G135: yes | H135: prof 1 | I135: =_xlfn.CONCAT(K135,"_",F135,"_",H135) -> AZ18 WHT06_ol41_prof 1 | K135: AZ18 WHT06 | L135: 44013 | P135: 43.78003 | Q135: 39.86353 | R135: 0.142122 | T135: 17.28176 | V135: 0.035093 | W135: 0.030756 | X135: 0.026545 | Y135: 0.180794 | Z135: 0.184879 | AA135: 101.5255 | AB135: 81.870377 | AD135: -7941 | AE135: -2898.9 | AF135: 27 | AP135: 50.387129
A136: 10 / 30 . | B136: AZ18_WHT06_ol41newname_prof_ | C136: olivine | D136: Phenocryst | F136: ol41 | G136: yes | H136: prof 1 | I136: =_xlfn.CONCAT(K136,"_",F136,"_",H136) -> AZ18 WHT06_ol41_prof 1 | K136: AZ18 WHT06 | L136: 44013 | P136: 43.8069 | Q136: 39.85262 | R136: 0.125774 | T136: 17.24433 | V136: 0.032373 | W136: 0.030987 | X136: 0.015542 | Y136: 0.203364 | Z136: 0.186949 | AA136: 101.4988 | AB136: 81.911632 | AD136: -7939.8 | AE136: -2900.3 | AF136: 27 | AP136: 52.231038
A137: 10 / 31 . | B137: AZ18_WHT06_ol41newname_prof_ | C137: olivine | D137: Phenocryst | F137: ol41 | G137: yes | H137: prof 1 | I137: =_xlfn.CONCAT(K137,"_",F137,"_",H137) -> AZ18 WHT06_ol41_prof 1 | K137: AZ18 WHT06 | L137: 44013 | P137: 43.85141 | Q137: 39.96756 | R137: 0.146837 | T137: 17.10225 | V137: 0.035937 | W137: 0.034746 | X137: 0.02235 | Y137: 0.189888 | Z137: 0.184138 | AA137: 101.5351 | AB137: 82.048847 | AD137: -7938.7 | AE137: -2901.7 | AF137: 27 | AP137: 54.011488
A138: 10 / 32 . | B138: AZ18_WHT06_ol41newname_prof_ | C138: olivine | D138: Phenocryst | F138: ol41 | G138: yes | H138: prof 1 | I138: =_xlfn.CONCAT(K138,"_",F138,"_",H138) -> AZ18 WHT06_ol41_prof 1 | K138: AZ18 WHT06 | L138: 44013 | P138: 44.08593 | Q138: 39.98437 | R138: 0.130978 | T138: 17.10246 | V138: 0.033836 | W138: 0.01793 | X138: 0.01461 | Y138: 0.171216 | Z138: 0.217771 | AA138: 101.7591 | AB138: 82.1271 | AD138: -7935.1 | AE138: -2906 | AF138: 27 | AP138: 59.619518
... A152: 10 / 46 . | B152: AZ18_WHT06_ol41newname_prof_ | C152: olivine | D152: Phenocryst | F152: ol41 | G152: yes | H152: prof 1 | I152: =_xlfn.CONCAT(K152,"_",F152,"_",H152) -> AZ18 WHT06_ol41_prof 1 | K152: AZ18 WHT06 | L152: 44013 | P152: 45.19226 | Q152: 40.38079 | R152: 0.165476 | T152: 15.65741 | V152: 0.037278 | W152: 0.032768 | X152: 0.01221 | Y152: 0.186835 | Z152: 0.237122 | AA152: 101.9022 | AB152: 83.72688 | AD152: -7884.5 | AE152: -2967.5 | AF152: 27 | AP152: 139.26112
A153: 10 / 47 . | B153: AZ18_WHT06_ol41newname_prof_ | C153: olivine | D153: Phenocryst | F153: ol41 | G153: yes | H153: prof 1 | I153: =_xlfn.CONCAT(K153,"_",F153,"_",H153) -> AZ18 WHT06_ol41_prof 1 | K153: AZ18 WHT06 | L153: 44013 | M153: bad | N153: yes | P153: 41.52938 | Q153: 37.56763 | R153: 0.186197 | T153: 13.21079 | V153: 0.036529 | W153: 0.027173 | X153: 0.01416 | Y153: 0.161799 | Z153: 0.208025 | AA153: 92.94168 | AB153: 84.857028 | AD153: -7880.8 | AE153: -2971.8 | AF153: 27 | AP153: 144.93387
A154: 10 / 48 . | B154: AZ18_WHT06_ol41newname_prof_ | C154: olivine | D154: Phenocryst | F154: ol41 | G154: yes | H154: prof 1 | I154: =_xlfn.CONCAT(K154,"_",F154,"_",H154) -> AZ18 WHT06_ol41_prof 1 | K154: AZ18 WHT06 | L154: 44013 | P154: 45.30453 | Q154: 40.35163 | R154: 0.156465 | T154: 15.81296 | V154: 0.028931 | W154: 0.024542 | X154: 0.014396 | Y154: 0.176075 | Z154: 0.244583 | AA154: 102.1141 | AB154: 83.625742 | AD154: -7877.2 | AE154: -2976.2 | AF154: 27 | AP154: 150.61893
A155: 10 / 49 . | B155: AZ18_WHT06_ol41newname_prof_ | C155: olivine | D155: Phenocryst | F155: ol41 | G155: yes | H155: prof 1 | I155: =_xlfn.CONCAT(K155,"_",F155,"_",H155) -> AZ18 WHT06_ol41_prof 1 | K155: AZ18 WHT06 | L155: 44013 | P155: 45.18042 | Q155: 40.48549 | R155: 0.149008 | T155: 15.61387 | V155: 0.033138 | W155: 0.017196 | X155: 0.01892 | Y155: 0.174476 | Z155: 0.249628 | AA155: 101.9221 | AB155: 83.761224 | AD155: -7873.6 | AE155: -2980.6 | AF155: 27 | AP155: 156.304
A156: 10 / 50 . | B156: AZ18_WHT06_ol41newname_prof_ | C156: olivine | D156: Phenocryst | F156: ol41 | G156: yes | H156: prof 1 | I156: =_xlfn.CONCAT(K156,"_",F156,"_",H156) -> AZ18 WHT06_ol41_prof 1 | K156: AZ18 WHT06 | L156: 44013 | P156: 45.20762 | Q156: 40.44464 | R156: 0.139082 | T156: 15.64156 | V156: 0.033602 | W156: 0.020776 | X156: 0.018927 | Y156: 0.171388 | Z156: 0.246029 | AA156: 101.9236 | AB156: 83.745301 | AD156: -7870 | AE156: -2985 | AF156: 27 | AP156: 161.98907
A157: 11 / 1 . | B157: AZ18_WHT06_ol42_Lasermount_A_prof1_ | C157: olivine | D157: Phenocryst | F157: ol42 | G157: yes | H157: prof 1 | I157: =_xlfn.CONCAT(K157,"_",F157,"_",H157) -> AZ18 WHT06_ol42_prof 1 | K157: AZ18 WHT06 | L157: 44013 | P157: 45.34179 | Q157: 40.28568 | R157: 0.316279 | T157: 15.19583 | V157: 0.018957 | W157: 0.038012 | X157: 0.032581 | Y157: 0.246448 | Z157: 0.096909 | AA157: 101.5725 | AB157: 84.174538 | AD157: -14510 | AE157: -27355 | AF157: -15 | AP157: 0
A158: 11 / 2 . | B158: AZ18_WHT06_ol42_Lasermount_A_prof1_ | C158: olivine | D158: Phenocryst | F158: ol42 | G158: yes | H158: prof 1 | I158: =_xlfn.CONCAT(K158,"_",F158,"_",H158) -> AZ18 WHT06_ol42_prof 1 | K158: AZ18 WHT06 | L158: 44013 | P158: 45.74741 | Q158: 40.38446 | R158: 0.258042 | T158: 14.48299 | V158: 0.018486 | W158: 0.023249 | X158: 0.026053 | Y158: 0.22382 | Z158: 0.139473 | AA158: 101.304 | AB158: 84.918511 | AD158: -14514.3 | AE158: -27353.7 | AF158: -15 | AP158: 4.4922155
A159: 11 / 3 . | B159: AZ18_WHT06_ol42_Lasermount_A_prof1_ | C159: olivine | D159: Phenocryst | F159: ol42 | G159: yes | H159: prof 1 | I159: =_xlfn.CONCAT(K159,"_",F159,"_",H159) -> AZ18 WHT06_ol42_prof 1 | K159: AZ18 WHT06 | L159: 44013 | P159: 45.91358 | Q159: 40.42113 | R159: 0.239082 | T159: 14.2653 | V159: 0.022236 | W159: 0.015106 | X159: 0.020247 | Y159: 0.224163 | Z159: 0.167455 | AA159: 101.2883 | AB159: 85.157336 | AD159: -14518.5 | AE159: -27352.4 | AF159: -15 | AP159: 8.8888051
A160: 11 / 4 . | B160: AZ18_WHT06_ol42_Lasermount_A_prof1_ | C160: olivine | D160: Phenocryst | F160: ol42 | G160: yes | H160: prof 1 | I160: =_xlfn.CONCAT(K160,"_",F160,"_",H160) -> AZ18 WHT06_ol42_prof 1 | K160: AZ18 WHT06 | L160: 44013 | P160: 45.61733 | Q160: 40.14291 | R160: 0.192467 | T160: 14.0696 | V160: 0.016399 | W160: 0.016032 | X160: 0.018357 | Y160: 0.209523 | Z160: 0.170285 | AA160: 100.4529 | AB160: 85.249884 | AD160: -14522.8 | AE160: -27351 | AF160: -15 | AP160: 13.410973
A161: 11 / 5 . | B161: AZ18_WHT06_ol42_Lasermount_A_prof1_ | C161: olivine | D161: Phenocryst | F161: ol42 | G161: yes | H161: prof 1 | I161: =_xlfn.CONCAT(K161,"_",F161,"_",H161) -> AZ18 WHT06_ol42_prof 1 | K161: AZ18 WHT06 | L161: 44013 | P161: 46.13794 | Q161: 40.35574 | R161: 0.180865 | T161: 14.08495 | V161: 0.019869 | W161: 0.011381 | X161: 0.020029 | Y161: 0.203179 | Z161: 0.186904 | AA161: 101.2009 | AB161: 85.378392 | AD161: -14527.1 | AE161: -27349.7 | AF161: -15 | AP161: 17.903188
A162: 11 / 6 . | B162: AZ18_WHT06_ol42_Lasermount_A_prof1_ | C162: olivine | D162: Phenocryst | F162: ol42 | G162: yes | H162: prof 1 | I162: =_xlfn.CONCAT(K162,"_",F162,"_",H162) -> AZ18 WHT06_ol42_prof 1 | K162: AZ18 WHT06 | L162: 44013 | P162: 46.2376 | Q162: 40.28461 | R162: 0.169895 | T162: 14.03368 | V162: 0.019326 | W162: 0.020919 | X162: 0.012551 | Y162: 0.196529 | Z162: 0.228052 | AA162: 101.2032 | AB162: 85.450704 | AD162: -14531.3 | AE162: -27348.4 | AF162: -15 | AP162: 22.299778
A163: 11 / 7 . | B163: AZ18_WHT06_ol42_Lasermount_A_prof1_ | C163: olivine | D163: Phenocryst | F163: ol42 | G163: yes | H163: prof 1 | I163: =_xlfn.CONCAT(K163,"_",F163,"_",H163) -> AZ18 WHT06_ol42_prof 1 | K163: AZ18 WHT06 | L163: 44013 | P163: 46.27051 | Q163: 40.38883 | R163: 0.155254 | T163: 13.74221 | V163: 0.028667 | W163: 0.01881 | X163: 0.017116 | Y163: 0.189433 | Z163: 0.221777 | AA163: 101.0326 | AB163: 85.718412 | AD163: -14535.6 | AE163: -27347.1 | AF163: -15 | AP163: 26.791993
A164: 11 / 8 . | B164: AZ18_WHT06_ol42_Lasermount_A_prof1_ | C164: olivine | D164: Phenocryst | F164: ol42 | G164: yes | H164: prof 1 | I164: =_xlfn.CONCAT(K164,"_",F164,"_",H164) -> AZ18 WHT06_ol42_prof 1 | K164: AZ18 WHT06 | L164: 44013 | P164: 46.46605 | Q164: 40.33878 | R164: 0.139363 | T164: 13.43863 | V164: 0.02772 | W164: 0.016512 | X164: 0.017368 | Y164: 0.193683 | Z164: 0.21855 | AA164: 100.8567 | AB164: 86.040438 | AD164: -14539.9 | AE164: -27345.7 | AF164: -15 | AP164: 31.314161
...

Sheet CPX_Summary Molar 
A1: DataSet/Point | B1: Comment | C1: Phase | D1: Category | E1: Shape | F1: Grain_Name | G1: Profile_Number | H1: Paired_Grains | I1: Xenolith Or Sample | J1: Collection Date | K1: Na2O | L1: MgO | M1: SiO2 | N1: CaO | O1: Cr2O3 | P1: FeO | Q1: K2O | R1: Al2O3 | S1: P2O5 | T1: TiO2 | U1: MnO | V1: NiO | W1: Total | X1: Mg# | Y1: Cr# | Z1: X | AA1: Y | AB1: Z | AC1: X-Distance from Edge | AD1: Image_X | AE1: Image_Y | AF1: X_mm | AG1: Y_mm | AH1: Y_mm_offset | AI1: Edge distance x mm | AJ1: Grain Profile Distance to Rim | AM1: Molar | AN1: Na | AO1: Mg | AP1: Si | AQ1: Ca | AR1: Cr | AS1: Fe | AT1: K2 | AU1: Al | AV1: P | AW1: Ti | AX1: Mn | AY1: Ni | AZ1: Sum | BB1: Mole Fraction | BC1: Na | BD1: Mg | BE1: Si | BF1: Ca | BG1: Cr | BH1: Fe | BI1: K | BJ1: Al | BK1: P | BL1: Ti | BM1: Mn | BN1: Ni | BO1: Sum | BP1: Charge Def | BR1: SiO2 | BS1: CaTs AlIV | BT1: CrTs AlIV | BU1: TiTs AlIV | BV1: AlIV/STet | BW1: O'Leary Al(Tet) | BY1: M2 Al | BZ1: AlIV/Al total | CB1: Na/Ca | CC1: Na/Al
B2: exterior summary | C2: cpx | D2: summary avg | I2: GCB1 | J2: 43282 | K2: 0.475615 | L2: 17.048971 | M2: 52.825532 | N2: 22.786213 | O2: 0.53999813 | P2: 2.7434775 | R2: 3.9100169 | T2: 0.0994775 | U2: 0.1015675 | V2: 0.0458675 | W2: 100.57672 | X2: 91.719706 | Y2: =(O2/151.99)/((O2/151.99)+(R2/101.96))*100 -> 8.4790814 | AN2: =K2/'Molar Masses'!B$3*'Molar Masses'!B$4 -> 0.015347633 | AO2: =L2/'Molar Masses'!C$3*'Molar Masses'!C$4 -> 0.4230052 | AP2: =M2/'Molar Masses'!D$3*'Molar Masses'!D$4 -> 0.87919027 | AQ2: =N2/'Molar Masses'!E$3*'Molar Masses'!E$4 -> 0.40632056 | AR2: =O2/'Molar Masses'!F$3*'Molar Masses'!F$4 -> 0.007105706 | AS2: =P2/'Molar Masses'!G$3*'Molar Masses'!G$4 -> 0.038185316 | AT2: =Q2/'Molar Masses'!H$3*'Molar Masses'!H$4 -> 0 | AU2: =R2/'Molar Masses'!I$3*'Molar Masses'!I$4 -> 0.076696112 | ... AY2: =V2/'Molar Masses'!M$3*'Molar Masses'!M$4 -> 0.00061408195 | AZ2: =SUM(AN2:AY2) -> 1.8491422 | BC2: =AN2/$AZ2 -> 0.008299866 | BD2: =AO2/$AZ2 -> 0.22875752 | BE2: =AP2/$AZ2 -> 0.47545844 | BF2: =AQ2/$AZ2 -> 0.21973462 | BG2: =AR2/$AZ2 -> 0.0038427039 | BH2: =AS2/$AZ2 -> 0.020650286 | BI2: =AT2/$AZ2 -> 0 | BJ2: =AU2/$AZ2 -> 0.041476589 | ... BN2: =AY2/$AZ2 -> 0.00033209017 | BO2: =SUM(BC2:BN2) -> 1 | BP2: =(1.5-SUMPRODUCT(BC2:BN2,'Molar Masses'!$B$6:$M$6)) * 2 -> 0.010716528 | BR2: =BE2 -> 0.47545844 | BS2: =0.5*(BJ2-(BC2+BT2+BU2)) -> 0.013993424 | BT2: =BG2 -> 0.0038427039 | BU2: =2*BL2 -> 0.0013471706 | BV2: =SUM(BS2:BU2)/SUM(BR2:BU2) -> 0.038782208 | BW2: =BJ2-BC2 -> 0.033176723 | BY2: =BJ2-(0.5-BR2) -> 0.016935026 | BZ2: =BV2/BJ2 -> 0.93503851 | CB2: =BC2/BF2 -> 0.037772228 | CC2: =BC2/BJ2 -> 0.20010966
B3: Exterior core summary | C3: cpx | D3: summary avg | I3: GCB1 | J3: 43282 | K3: 0.472396 | L3: 17.035197 | M3: 52.839839 | N3: 22.782294 | O3: 0.531355 | P3: 2.722291 | R3: 3.908686 | T3: 0.100054 | U3: 0.101827 | V3: 0.040391 | W3: 100.53432 | X3: 91.771805 | Y3: =(O3/151.99)/((O3/151.99)+(R3/101.96))*100 -> 8.3573121 | AN3: =K3/'Molar Masses'!B$3*'Molar Masses'!B$4 -> 0.015243759 | AO3: =L3/'Molar Masses'!C$3*'Molar Masses'!C$4 -> 0.42266346 | AP3: =M3/'Molar Masses'!D$3*'Molar Masses'!D$4 -> 0.87942839 | AQ3: =N3/'Molar Masses'!E$3*'Molar Masses'!E$4 -> 0.40625067 | AR3: =O3/'Molar Masses'!F$3*'Molar Masses'!F$4 -> 0.0069919732 | AS3: =P3/'Molar Masses'!G$3*'Molar Masses'!G$4 -> 0.03789043 | AT3: =Q3/'Molar Masses'!H$3*'Molar Masses'!H$4 -> 0 | AU3: =R3/'Molar Masses'!I$3*'Molar Masses'!I$4 -> 0.076670006 | ... AY3: =V3/'Molar Masses'!M$3*'Molar Masses'!M$4 -> 0.00054076163 | AZ3: =SUM(AN3:AY3) -> 1.8483677 | BC3: =AN3/$AZ3 -> 0.0082471463 | BD3: =AO3/$AZ3 -> 0.2286685 | BE3: =AP3/$AZ3 -> 0.4757865 | BF3: =AQ3/$AZ3 -> 0.21978889 | BG3: =AR3/$AZ3 -> 0.0037827827 | BH3: =AS3/$AZ3 -> 0.020499401 | BI3: =AT3/$AZ3 -> 0 | BJ3: =AU3/$AZ3 -> 0.041479846 | ... BN3: =AY3/$AZ3 -> 0.00029256172 | BO3: =SUM(BC3:BN3) -> 1 | BP3: =(1.5-SUMPRODUCT(BC3:BN3,'Molar Masses'!$B$6:$M$6)) * 2 -> 0.010055969 | BR3: =BE3 -> 0.4757865 | BS3: =0.5*(BJ3-(BC3+BT3+BU3)) -> 0.014047186 | BT3: =BG3 -> 0.0037827827 | BU3: =2*BL3 -> 0.0013555457 | BV3: =SUM(BS3:BU3)/SUM(BR3:BU3) -> 0.038760806 | BW3: =BJ3-BC3 -> 0.0332327 | BY3: =BJ3-(0.5-BR3) -> 0.017266348 | BZ3: =BV3/BJ3 -> 0.93444912 | CB3: =BC3/BF3 -> 0.037523036 | CC3: =BC3/BJ3 -> 0.19882297
B4: R-20_cpx-1_A | C4: cpx | D4: Primary | I4: GCB1 | J4: 43282 | K4: 0.4794875 | L4: 17.172005 | M4: 52.755327 | N4: 22.79006 | O4: 0.55725 | P4: 2.705965 | R4: 3.92388 | T4: 0.09947 | U4: 0.1033375 | V4: 0.03901 | W4: 100.62578 | X4: 91.877177 | Y4: =(O4/151.99)/((O4/151.99)+(R4/101.96))*100 -> 8.6981839 | AN4: =K4/'Molar Masses'!B$3*'Molar Masses'!B$4 -> 0.015472594 | AO4: =L4/'Molar Masses'!C$3*'Molar Masses'!C$4 -> 0.42605782 | AP4: =M4/'Molar Masses'!D$3*'Molar Masses'!D$4 -> 0.87802184 | AQ4: =N4/'Molar Masses'!E$3*'Molar Masses'!E$4 -> 0.40638916 | AR4: =O4/'Molar Masses'!F$3*'Molar Masses'!F$4 -> 0.0073327193 | AS4: =P4/'Molar Masses'!G$3*'Molar Masses'!G$4 -> 0.037663195 | AT4: =Q4/'Molar Masses'!H$3*'Molar Masses'!H$4 -> 0 | AU4: =R4/'Molar Masses'!I$3*'Molar Masses'!I$4 -> 0.076968041 | ... AY4: =V4/'Molar Masses'!M$3*'Molar Masses'!M$4 -> 0.00052227256 | AZ4: =SUM(AN4:AY4) -> 1.8511298 | BC4: =AN4/$AZ4 -> 0.0083584598 | BD4: =AO4/$AZ4 -> 0.23016096 | BE4: =AP4/$AZ4 -> 0.47431672 | BF4: =AQ4/$AZ4 -> 0.21953574 | BG4: =AR4/$AZ4 -> 0.0039612128 | BH4: =AS4/$AZ4 -> 0.020346058 | BI4: =AT4/$AZ4 -> 0 | BJ4: =AU4/$AZ4 -> 0.041578953 | ... BN4: =AY4/$AZ4 -> 0.00028213718 | BO4: =SUM(BC4:BN4) -> 1 | BP4: =(1.5-SUMPRODUCT(BC4:BN4,'Molar Masses'!$B$6:$M$6)) * 2 -> 0.012839229 | BR4: =BE4 -> 0.47431672 | BS4: =0.5*(BJ4-(BC4+BT4+BU4)) -> 0.013956829 | BT4: =BG4 -> 0.0039612128 | BU4: =2*BL4 -> 0.0013456227 | BV4: =SUM(BS4:BU4)/SUM(BR4:BU4) -> 0.039028424 | BW4: =BJ4-BC4 -> 0.033220493 | BY4: =BJ4-(0.5-BR4) -> 0.015895674 | BZ4: =BV4/BJ4 -> 0.93865816 | CB4: =BC4/BF4 -> 0.038073345 | CC4: =BC4/BJ4 -> 0.20102622
B5: R-21_cpx-1_B | C5: cpx | D5: Primary | I5: GCB1 | J5: 43282 | K5: 0.47114333 | L5: 16.831303 | M5: 52.564087 | N5: 22.730527 | O5: 0.57247 | P5: 2.7486267 | R5: 3.96884 | T5: 0.096473333 | U5: 0.10085667 | V5: 0.045616667 | W5: 100.12994 | X5: 91.608178 | Y5: =(O5/151.99)/((O5/151.99)+(R5/101.96))*100 -> 8.8224994 | AN5: =K5/'Molar Masses'!B$3*'Molar Masses'!B$4 -> 0.015203336 | AO5: =L5/'Molar Masses'!C$3*'Molar Masses'!C$4 -> 0.41760461 | AP5: =M5/'Molar Masses'!D$3*'Molar Masses'!D$4 -> 0.87483896 | AQ5: =N5/'Molar Masses'!E$3*'Molar Masses'!E$4 -> 0.40532757 | AR5: =O5/'Molar Masses'!F$3*'Molar Masses'!F$4 -> 0.0075329956 | AS5: =P5/'Molar Masses'!G$3*'Molar Masses'!G$4 -> 0.038256985 | AT5: =Q5/'Molar Masses'!H$3*'Molar Masses'!H$4 -> 0 | AU5: =R5/'Molar Masses'!I$3*'Molar Masses'!I$4 -> 0.077849945 | ... AY5: =V5/'Molar Masses'!M$3*'Molar Masses'!M$4 -> 0.00061072375 | AZ5: =SUM(AN5:AY5) -> 1.8398548 | BC5: =AN5/$AZ5 -> 0.0082633347 | BD5: =AO5/$AZ5 -> 0.22697694 | BE5: =AP5/$AZ5 -> 0.47549347 | BF5: =AQ5/$AZ5 -> 0.2203041 | BG5: =AR5/$AZ5 -> 0.0040943424 | BH5: =AS5/$AZ5 -> 0.02079348 | BI5: =AT5/$AZ5 -> 0 | BJ5: =AU5/$AZ5 -> 0.042313091 | ... BN5: =AY5/$AZ5 -> 0.00033194127 | BO5: =SUM(BC5:BN5) -> 1 | BP5: =(1.5-SUMPRODUCT(BC5:BN5,'Molar Masses'!$B$6:$M$6)) * 2 -> 0.0095558771 | BR5: =BE5 -> 0.47549347 | BS5: =0.5*(BJ5-(BC5+BT5+BU5)) -> 0.014321166 | BT5: =BG5 -> 0.0040943424 | BU5: =2*BL5 -> 0.0013130818 | BV5: =SUM(BS5:BU5)/SUM(BR5:BU5) -> 0.039837866 | BW5: =BJ5-BC5 -> 0.034049756 | BY5: =BJ5-(0.5-BR5) -> 0.017806562 | BZ5: =BV5/BJ5 -> 0.94150215 | CB5: =BC5/BF5 -> 0.037508765 | CC5: =BC5/BJ5 -> 0.19529026
B6: R-22_cpx-1_C | C6: cpx | D6: Primary | I6: GCB1 | J6: 43282 | K6: 0.46419333 | L6: 17.05668 | M6: 53.228273 | N6: 22.823707 | O6: 0.45571333 | P6: 2.7177233 | R6: 3.8282733 | T6: 0.10441333 | U6: 0.10078333 | V6: 0.037006667 | W6: 100.81677 | X6: 91.794937 | Y6: =(O6/151.99)/((O6/151.99)+(R6/101.96))*100 -> 7.3949979 | AN6: =K6/'Molar Masses'!B$3*'Molar Masses'!B$4 -> 0.014979067 | AO6: =L6/'Molar Masses'!C$3*'Molar Masses'!C$4 -> 0.42319647 | AP6: =M6/'Molar Masses'!D$3*'Molar Masses'!D$4 -> 0.88589321 | AQ6: =N6/'Molar Masses'!E$3*'Molar Masses'!E$4 -> 0.40698914 | AR6: =O6/'Molar Masses'!F$3*'Molar Masses'!F$4 -> 0.0059966226 | AS6: =P6/'Molar Masses'!G$3*'Molar Masses'!G$4 -> 0.037826855 | AT6: =Q6/'Molar Masses'!H$3*'Molar Masses'!H$4 -> 0 | AU6: =R6/'Molar Masses'!I$3*'Molar Masses'!I$4 -> 0.075092689 | ... AY6: =V6/'Molar Masses'!M$3*'Molar Masses'!M$4 -> 0.00049545159 | AZ6: =SUM(AN6:AY6) -> 1.8531976 | BC6: =AN6/$AZ6 -> 0.0080828221 | BD6: =AO6/$AZ6 -> 0.22836015 | BE6: =AP6/$AZ6 -> 0.47803494 | BF6: =AQ6/$AZ6 -> 0.21961454 | BG6: =AR6/$AZ6 -> 0.0032358247 | BH6: =AS6/$AZ6 -> 0.020411668 | BI6: =AT6/$AZ6 -> 0 | BJ6: =AU6/$AZ6 -> 0.040520605 | ... BN6: =AY6/$AZ6 -> 0.00026734958 | BO6: =SUM(BC6:BN6) -> 1 | BP6: =(1.5-SUMPRODUCT(BC6:BN6,'Molar Masses'!$B$6:$M$6)) * 2 -> 0.0068455857 | BR6: =BE6 -> 0.47803494 | BS6: =0.5*(BJ6-(BC6+BT6+BU6)) -> 0.013895519 | BT6: =BG6 -> 0.0032358247 | BU6: =2*BL6 -> 0.0014109197 | BV6: =SUM(BS6:BU6)/SUM(BR6:BU6) -> 0.037340143 | BW6: =BJ6-BC6 -> 0.032437783 | BY6: =BJ6-(0.5-BR6) -> 0.018555549 | BZ6: =BV6/BJ6 -> 0.92150999 | CB6: =BC6/BF6 -> 0.036804586 | CC6: =BC6/BJ6 -> 0.19947437
B7: exterior rim summary | C7: cpx | D7: summary avg | I7: GCB1 | J7: 43282 | K7: 0.48098 | L7: 17.071927 | M7: 52.801687 | N7: 22.792745 | O7: 0.55440333 | P7: 2.7787883 | R7: 3.912235 | T7: 0.098516667 | U7: 0.101135 | V7: 0.054995 | W7: 100.64738 | X7: 91.632873 | Y7: =(O7/151.99)/((O7/151.99)+(R7/101.96))*100 -> 8.6811296 | AN7: =K7/'Molar Masses'!B$3*'Molar Masses'!B$4 -> 0.015520756 | AO7: =L7/'Molar Masses'!C$3*'Molar Masses'!C$4 -> 0.42357476 | AP7: =M7/'Molar Masses'!D$3*'Molar Masses'!D$4 -> 0.87879341 | AQ7: =N7/'Molar Masses'!E$3*'Molar Masses'!E$4 -> 0.40643703 | AR7: =O7/'Molar Masses'!F$3*'Molar Masses'!F$4 -> 0.0072952607 | AS7: =P7/'Molar Masses'!G$3*'Molar Masses'!G$4 -> 0.038676793 | AT7: =Q7/'Molar Masses'!H$3*'Molar Masses'!H$4 -> 0 | AU7: =R7/'Molar Masses'!I$3*'Molar Masses'!I$4 -> 0.076739621 | ... AY7: =V7/'Molar Masses'!M$3*'Molar Masses'!M$4 -> 0.00073628248 | AZ7: =SUM(AN7:AY7) -> 1.8504331 | BC7: =AN7/$AZ7 -> 0.008387634 | BD7: =AO7/$AZ7 -> 0.22890574 | BE7: =AP7/$AZ7 -> 0.47491227 | BF7: =AQ7/$AZ7 -> 0.21964427 | BG7: =AR7/$AZ7 -> 0.0039424611 | BH7: =AS7/$AZ7 -> 0.020901481 | BI7: =AT7/$AZ7 -> 0 | BJ7: =AU7/$AZ7 -> 0.041471167 | ... BN7: =AY7/$AZ7 -> 0.00039789737 | BO7: =SUM(BC7:BN7) -> 1 | BP7: =(1.5-SUMPRODUCT(BC7:BN7,'Molar Masses'!$B$6:$M$6)) * 2 -> 0.011816232 | BR7: =BE7 -> 0.47491227 | BS7: =0.5*(BJ7-(BC7+BT7+BU7)) -> 0.013903922 | BT7: =BG7 -> 0.0039424611 | BU7: =2*BL7 -> 0.0013332278 | BV7: =SUM(BS7:BU7)/SUM(BR7:BU7) -> 0.038817903 | BW7: =BJ7-BC7 -> 0.033083533 | BY7: =BJ7-(0.5-BR7) -> 0.01638344 | BZ7: =BV7/BJ7 -> 0.93602148 | CB7: =BC7/BF7 -> 0.038187357 | CC7: =BC7/BJ7 -> 0.20225218
B8: R-20_cpx-1_B | C8: cpx | D8: Primary | I8: GCB1 | J8: 43282 | K8: 0.48651667 | L8: 17.066947 | M8: 52.390387 | N8: 22.807563 | O8: 0.58353 | P8: 2.7784467 | R8: 3.94813 | T8: 0.099026667 | U8: 0.09764 | V8: 0.052036667 | W8: 100.3102 | X8: 91.632109 | Y8: =(O8/151.99)/((O8/151.99)+(R8/101.96))*100 -> 9.0204904 | AN8: =K8/'Molar Masses'!B$3*'Molar Masses'!B$4 -> 0.015699419 | AO8: =L8/'Molar Masses'!C$3*'Molar Masses'!C$4 -> 0.4234512 | AP8: =M8/'Molar Masses'!D$3*'Molar Masses'!D$4 -> 0.87194802 | AQ8: =N8/'Molar Masses'!E$3*'Molar Masses'!E$4 -> 0.40670127 | AR8: =O8/'Molar Masses'!F$3*'Molar Masses'!F$4 -> 0.0076785315 | AS8: =P8/'Molar Masses'!G$3*'Molar Masses'!G$4 -> 0.038672037 | AT8: =Q8/'Molar Masses'!H$3*'Molar Masses'!H$4 -> 0 | AU8: =R8/'Molar Masses'!I$3*'Molar Masses'!I$4 -> 0.077443712 | ... AY8: =V8/'Molar Masses'!M$3*'Molar Masses'!M$4 -> 0.00069667581 | AZ8: =SUM(AN8:AY8) -> 1.8449072 | BC8: =AN8/$AZ8 -> 0.008509598 | BD8: =AO8/$AZ8 -> 0.22952439 | BE8: =AP8/$AZ8 -> 0.47262432 | BF8: =AQ8/$AZ8 -> 0.22044538 | BG8: =AR8/$AZ8 -> 0.004162015 | BH8: =AS8/$AZ8 -> 0.020961508 | BI8: =AT8/$AZ8 -> 0 | BJ8: =AU8/$AZ8 -> 0.041977023 | ... BN8: =AY8/$AZ8 -> 0.00037762105 | BO8: =SUM(BC8:BN8) -> 1 | BP8: =(1.5-SUMPRODUCT(BC8:BN8,'Molar Masses'!$B$6:$M$6)) * 2 -> 0.015777767 | BR8: =BE8 -> 0.47262432 | BS8: =0.5*(BJ8-(BC8+BT8+BU8)) -> 0.013980633 | BT8: =BG8 -> 0.004162015 | BU8: =2*BL8 -> 0.0013441437 | BV8: =SUM(BS8:BU8)/SUM(BR8:BU8) -> 0.039598357 | BW8: =BJ8-BC8 -> 0.033467425 | BY8: =BJ8-(0.5-BR8) -> 0.014601347 | BZ8: =BV8/BJ8 -> 0.9433341 | CB8: =BC8/BF8 -> 0.038601843 | CC8: =BC8/BJ8 -> 0.20272038
B9: R-22_cpx-1_A | C9: cpx | D9: Primary | I9: GCB1 | J9: 43282 | K9: 0.47544333 | L9: 17.076907 | M9: 53.212987 | N9: 22.777927 | O9: 0.52527667 | P9: 2.77913 | R9: 3.87634 | T9: 0.098006667 | U9: 0.10463 | V9: 0.057953333 | W9: 100.98457 | X9: 91.633638 | Y9: =(O9/151.99)/((O9/151.99)+(R9/101.96))*100 -> 8.3328715 | AN9: =K9/'Molar Masses'!B$3*'Molar Masses'!B$4 -> 0.015342093 | AO9: =L9/'Molar Masses'!C$3*'Molar Masses'!C$4 -> 0.42369832 | AP9: =M9/'Molar Masses'!D$3*'Molar Masses'!D$4 -> 0.88563879 | AQ9: =N9/'Molar Masses'!E$3*'Molar Masses'!E$4 -> 0.4061728 | AR9: =O9/'Molar Masses'!F$3*'Molar Masses'!F$4 -> 0.0069119898 | AS9: =P9/'Molar Masses'!G$3*'Molar Masses'!G$4 -> 0.038681548 | AT9: =Q9/'Molar Masses'!H$3*'Molar Masses'!H$4 -> 0 | AU9: =R9/'Molar Masses'!I$3*'Molar Masses'!I$4 -> 0.07603553 | ... AY9: =V9/'Molar Masses'!M$3*'Molar Masses'!M$4 -> 0.00077588915 | AZ9: =SUM(AN9:AY9) -> 1.8559591 | BC9: =AN9/$AZ9 -> 0.0082663963 | BD9: =AO9/$AZ9 -> 0.22829077 | BE9: =AP9/$AZ9 -> 0.4771866 | BF9: =AQ9/$AZ9 -> 0.21884793 | BG9: =AR9/$AZ9 -> 0.0037242146 | BH9: =AS9/$AZ9 -> 0.020841811 | BI9: =AT9/$AZ9 -> 0 | BJ9: =AU9/$AZ9 -> 0.040968323 | ... BN9: =AY9/$AZ9 -> 0.00041805295 | BO9: =SUM(BC9:BN9) -> 1 | BP9: =(1.5-SUMPRODUCT(BC9:BN9,'Molar Masses'!$B$6:$M$6)) * 2 -> 0.0078782862 | BR9: =BE9 -> 0.4771866 | BS9: =0.5*(BJ9-(BC9+BT9+BU9)) -> 0.013827668 | BT9: =BG9 -> 0.0037242146 | BU9: =2*BL9 -> 0.001322377 | BV9: =SUM(BS9:BU9)/SUM(BR9:BU9) -> 0.038048274 | BW9: =BJ9-BC9 -> 0.032701927 | BY9: =BJ9-(0.5-BR9) -> 0.018154921 | BZ9: =BV9/BJ9 -> 0.92872421 | CB9: =BC9/BF9 -> 0.037772331 | CC9: =BC9/BJ9 -> 0.20177531
B10: interior summary | C10: cpx | D10: summary avg | I10: GCB1 | J10: 43282 | K10: 0.45209783 | L10: 17.038547 | M10: 52.138069 | N10: 22.724453 | O10: 0.60003957 | P10: 2.7435409 | R10: 3.9786835 | T10: 0.1248113 | U10: 0.096353913 | V10: 0.04847913 | W10: 99.945074 | X10: 91.714995 | Y10: =(O10/151.99)/((O10/151.99)+(R10/101.96))*100 -> 9.1875689 | AN10: =K10/'Molar Masses'!B$3*'Molar Masses'!B$4 -> 0.014588756 | AO10: =L10/'Molar Masses'!C$3*'Molar Masses'!C$4 -> 0.42274658 | AP10: =M10/'Molar Masses'!D$3*'Molar Masses'!D$4 -> 0.86774863 | AQ10: =N10/'Molar Masses'!E$3*'Molar Masses'!E$4 -> 0.40521926 | AR10: =O10/'Molar Masses'!F$3*'Molar Masses'!F$4 -> 0.0078957769 | AS10: =P10/'Molar Masses'!G$3*'Molar Masses'!G$4 -> 0.038186198 | AT10: =Q10/'Molar Masses'!H$3*'Molar Masses'!H$4 -> 0 | AU10: =R10/'Molar Masses'!I$3*'Molar Masses'!I$4 -> 0.078043027 | ... AY10: =V10/'Molar Masses'!M$3*'Molar Masses'!M$4 -> 0.0006490469 | AZ10: =SUM(AN10:AY10) -> 1.8379983 | BC10: =AN10/$AZ10 -> 0.0079373066 | BD10: =AO10/$AZ10 -> 0.23000379 | BE10: =AP10/$AZ10 -> 0.47211611 | BF10: =AQ10/$AZ10 -> 0.2204677 | BG10: =AR10/$AZ10 -> 0.0042958564 | BH10: =AS10/$AZ10 -> 0.02077597 | BI10: =AT10/$AZ10 -> 0 | BJ10: =AU10/$AZ10 -> 0.04246088 | ... BN10: =AY10/$AZ10 -> 0.00035312703 | BO10: =SUM(BC10:BN10) -> 1 | BP10: =(1.5-SUMPRODUCT(BC10:BN10,'Molar Masses'!$B$6:$M$6)) * 2 -> 0.015247841 | BR10: =BE10 -> 0.47211611 | BS10: =0.5*(BJ10-(BC10+BT10+BU10)) -> 0.014263608 | BT10: =BG10 -> 0.0042958564 | BU10: =2*BL10 -> 0.0017005009 | BV10: =SUM(BS10:BU10)/SUM(BR10:BU10) -> 0.041147339 | BW10: =BJ10-BC10 -> 0.034523574 | BY10: =BJ10-(0.5-BR10) -> 0.014576994 | BZ10: =BV10/BJ10 -> 0.96906467 | CB10: =BC10/BF10 -> 0.036002129 | CC10: =BC10/BJ10 -> 0.18693222
B11: Interior core Summary | C11: cpx | D11: summary avg | I11: GCB1 | J11: 43282 | K11: 0.45672182 | L11: 17.040825 | M11: 52.02203 | N11: 22.77611 | O11: 0.51027091 | P11: 2.7724173 | R11: 3.8504191 | T11: 0.10937727 | U11: 0.10377182 | V11: 0.047886364 | W11: 99.689823 | X11: 91.635398 | Y11: =(O11/151.99)/((O11/151.99)+(R11/101.96))*100 -> 8.1643035 | AN11: =K11/'Molar Masses'!B$3*'Molar Masses'!B$4 -> 0.014737968 | AO11: =L11/'Molar Masses'!C$3*'Molar Masses'!C$4 -> 0.4228031 | AP11: =M11/'Molar Masses'!D$3*'Molar Masses'!D$4 -> 0.86581736 | AQ11: =N11/'Molar Masses'!E$3*'Molar Masses'!E$4 -> 0.4061404 | AR11: =O11/'Molar Masses'!F$3*'Molar Masses'!F$4 -> 0.0067145327 | AS11: =P11/'Molar Masses'!G$3*'Molar Masses'!G$4 -> 0.038588117 | AT11: =Q11/'Molar Masses'!H$3*'Molar Masses'!H$4 -> 0 | AU11: =R11/'Molar Masses'!I$3*'Molar Masses'!I$4 -> 0.075527084 | ... AY11: =V11/'Molar Masses'!M$3*'Molar Masses'!M$4 -> 0.00064111084 | AZ11: =SUM(AN11:AY11) -> 1.8338021 | BC11: =AN11/$AZ11 -> 0.0080368369 | BD11: =AO11/$AZ11 -> 0.23056093 | BE11: =AP11/$AZ11 -> 0.4721433 | BF11: =AQ11/$AZ11 -> 0.2214745 | BG11: =AR11/$AZ11 -> 0.0036615362 | BH11: =AS11/$AZ11 -> 0.021042684 | BI11: =AT11/$AZ11 -> 0 | BJ11: =AU11/$AZ11 -> 0.041186062 | ... BN11: =AY11/$AZ11 -> 0.00034960744 | BO11: =SUM(BC11:BN11) -> 1 | BP11: =(1.5-SUMPRODUCT(BC11:BN11,'Molar Masses'!$B$6:$M$6)) * 2 -> 0.017409002 | BR11: =BE11 -> 0.4721433 | BS11: =0.5*(BJ11-(BC11+BT11+BU11)) -> 0.01399703 | BT11: =BG11 -> 0.0036615362 | BU11: =2*BL11 -> 0.0014936289 | BV11: =SUM(BS11:BU11)/SUM(BR11:BU11) -> 0.038983046 | BW11: =BJ11-BC11 -> 0.033149225 | BY11: =BJ11-(0.5-BR11) -> 0.013329366 | BZ11: =BV11/BJ11 -> 0.94651064 | CB11: =BC11/BF11 -> 0.036287865 | CC11: =BC11/BJ11 -> 0.19513487
B12: R-30_cpx-1_A | C12: cpx | D12: Primary | I12: GCB1 | J12: 43282 | K12: 0.4430325 | L12: 17.100848 | M12: 52.22581 | N12: 22.850268 | O12: 0.36508 | P12: 2.738065 | R12: 3.69381 | T12: 0.10852 | U12: 0.1007425 | V12: 0.04077 | W12: 99.666957 | X12: 91.758307 | Y12: =(O12/151.99)/((O12/151.99)+(R12/101.96))*100 -> 6.2179607 | AN12: =K12/'Molar Masses'!B$3*'Molar Masses'!B$4 -> 0.014296227 | AO12: =L12/'Molar Masses'!C$3*'Molar Masses'!C$4 -> 0.42429232 | AP12: =M12/'Molar Masses'!D$3*'Molar Masses'!D$4 -> 0.86920893 | AQ12: =N12/'Molar Masses'!E$3*'Molar Masses'!E$4 -> 0.40746277 | AR12: =O12/'Molar Masses'!F$3*'Molar Masses'!F$4 -> 0.0048040003 | AS12: =P12/'Molar Masses'!G$3*'Molar Masses'!G$4 -> 0.038109982 | AT12: =Q12/'Molar Masses'!H$3*'Molar Masses'!H$4 -> 0 | AU12: =R12/'Molar Masses'!I$3*'Molar Masses'!I$4 -> 0.072455152 | ... AY12: =V12/'Molar Masses'!M$3*'Molar Masses'!M$4 -> 0.00054583574 | AZ12: =SUM(AN12:AY12) -> 1.8339542 | BC12: =AN12/$AZ12 -> 0.0077953023 | BD12: =AO12/$AZ12 -> 0.23135383 | BE12: =AP12/$AZ12 -> 0.47395347 | BF12: =AQ12/$AZ12 -> 0.22217718 | BG12: =AR12/$AZ12 -> 0.0026194768 | BH12: =AS12/$AZ12 -> 0.020780226 | BI12: =AT12/$AZ12 -> 0 | BJ12: =AU12/$AZ12 -> 0.039507613 | ... BN12: =AY12/$AZ12 -> 0.0002976278 | BO12: =SUM(BC12:BN12) -> 1 | BP12: =(1.5-SUMPRODUCT(BC12:BN12,'Molar Masses'!$B$6:$M$6)) * 2 -> 0.016279479 | BR12: =BE12 -> 0.47395347 | BS12: =0.5*(BJ12-(BC12+BT12+BU12)) -> 0.013805518 | BT12: =BG12 -> 0.0026194768 | BU12: =2*BL12 -> 0.0014817993 | BV12: =SUM(BS12:BU12)/SUM(BR12:BU12) -> 0.036406262 | BW12: =BJ12-BC12 -> 0.031712311 | BY12: =BJ12-(0.5-BR12) -> 0.01346108 | BZ12: =BV12/BJ12 -> 0.92149991 | CB12: =BC12/BF12 -> 0.035085972 | CC12: =BC12/BJ12 -> 0.1973114
B13: R-30_cpx-2_A | C13: cpx | D13: Primary | I13: GCB1 | J13: 43282 | K13: 0.45443 | L13: 16.84114 | M13: 51.251617 | N13: 22.637477 | O13: 0.58720333 | P13: 2.8701233 | R13: 3.9718367 | T13: 0.10792667 | U13: 0.10573667 | V13: 0.055176667 | W13: 98.882657 | X13: 91.273686 | Y13: =(O13/151.99)/((O13/151.99)+(R13/101.96))*100 -> 9.0228601 | AN13: =K13/'Molar Masses'!B$3*'Molar Masses'!B$4 -> 0.014664013 | AO13: =L13/'Molar Masses'!C$3*'Molar Masses'!C$4 -> 0.41784867 | AP13: =M13/'Molar Masses'!D$3*'Molar Masses'!D$4 -> 0.85299515 | AQ13: =N13/'Molar Masses'!E$3*'Molar Masses'!E$4 -> 0.40366831 | AR13: =O13/'Molar Masses'!F$3*'Molar Masses'!F$4 -> 0.007726868 | AS13: =P13/'Molar Masses'!G$3*'Molar Masses'!G$4 -> 0.039948047 | AT13: =Q13/'Molar Masses'!H$3*'Molar Masses'!H$4 -> 0 | AU13: =R13/'Molar Masses'!I$3*'Molar Masses'!I$4 -> 0.077908725 | ... AY13: =V13/'Molar Masses'!M$3*'Molar Masses'!M$4 -> 0.00073871466 | AZ13: =SUM(AN13:AY13) -> 1.8183404 | BC13: =AN13/$AZ13 -> 0.0080645039 | BD13: =AO13/$AZ13 -> 0.22979672 | BE13: =AP13/$AZ13 -> 0.46910642 | BF13: =AQ13/$AZ13 -> 0.22199821 | BG13: =AR13/$AZ13 -> 0.0042494067 | BH13: =AS13/$AZ13 -> 0.021969509 | BI13: =AT13/$AZ13 -> 0 | BJ13: =AU13/$AZ13 -> 0.042846061 | ... BN13: =AY13/$AZ13 -> 0.00040625763 | BO13: =SUM(BC13:BN13) -> 1 | BP13: =(1.5-SUMPRODUCT(BC13:BN13,'Molar Masses'!$B$6:$M$6)) * 2 -> 0.021269853 | BR13: =BE13 -> 0.46910642 | BS13: =0.5*(BJ13-(BC13+BT13+BU13)) -> 0.014522899 | BT13: =BG13 -> 0.0042494067 | BU13: =2*BL13 -> 0.0014863519 | BV13: =SUM(BS13:BU13)/SUM(BR13:BU13) -> 0.041397842 | BW13: =BJ13-BC13 -> 0.034781558 | BY13: =BJ13-(0.5-BR13) -> 0.011952477 | BZ13: =BV13/BJ13 -> 0.96619948 | CB13: =BC13/BF13 -> 0.036326887 | CC13: =BC13/BJ13 -> 0.18822042
... B19: R-31_cpx-2_B | C19: cpx | D19: Primary | I19: GCB1 | J19: 43282 | K19: 0.47494 | L19: 17.03346 | M19: 52.38808 | N19: 22.82614 | O19: 0.60337 | P19: 2.86313 | R19: 3.94237 | T19: 0.12204 | U19: 0.08893 | V19: 0.05242 | W19: 100.3949 | X19: 91.383091 | Y19: =(O19/151.99)/((O19/151.99)+(R19/101.96))*100 -> 9.3109889 | AN19: =K19/'Molar Masses'!B$3*'Molar Masses'!B$4 -> 0.015325851 | AO19: =L19/'Molar Masses'!C$3*'Molar Masses'!C$4 -> 0.42262036 | AP19: =M19/'Molar Masses'!D$3*'Molar Masses'!D$4 -> 0.87190963 | AQ19: =N19/'Molar Masses'!E$3*'Molar Masses'!E$4 -> 0.40703253 | AR19: =O19/'Molar Masses'!F$3*'Molar Masses'!F$4 -> 0.0079396013 | AS19: =P19/'Molar Masses'!G$3*'Molar Masses'!G$4 -> 0.039850709 | AT19: =Q19/'Molar Masses'!H$3*'Molar Masses'!H$4 -> 0 | AU19: =R19/'Molar Masses'!I$3*'Molar Masses'!I$4 -> 0.077330728 | ... AY19: =V19/'Molar Masses'!M$3*'Molar Masses'!M$4 -> 0.00070180794 | AZ19: =SUM(AN19:AY19) -> 1.8454929 | BC19: =AN19/$AZ19 -> 0.0083044756 | BD19: =AO19/$AZ19 -> 0.22900134 | BE19: =AP19/$AZ19 -> 0.47245352 | BF19: =AQ19/$AZ19 -> 0.22055491 | BG19: =AR19/$AZ19 -> 0.0043021575 | BH19: =AS19/$AZ19 -> 0.021593531 | BI19: =AT19/$AZ19 -> 0 | BJ19: =AU19/$AZ19 -> 0.041902479 | ... BN19: =AY19/$AZ19 -> 0.00038028211 | BO19: =SUM(BC19:BN19) -> 1 | BP19: =(1.5-SUMPRODUCT(BC19:BN19,'Molar Masses'!$B$6:$M$6)) * 2 -> 0.0155368 | BR19: =BE19 -> 0.47245352 | BS19: =0.5*(BJ19-(BC19+BT19+BU19)) -> 0.013819927 | BT19: =BG19 -> 0.0043021575 | BU19: =2*BL19 -> 0.0016559906 | BV19: =SUM(BS19:BU19)/SUM(BR19:BU19) -> 0.040180427 | BW19: =BJ19-BC19 -> 0.033598003 | BY19: =BJ19-(0.5-BR19) -> 0.014356003 | BZ19: =BV19/BJ19 -> 0.95890333 | CB19: =BC19/BF19 -> 0.037652644 | CC19: =BC19/BJ19 -> 0.19818578
B20: Interior Melt Pocket | C20: cpx | D20: summary avg | I20: GCB1 | J20: 43282 | Y20: =(O20/151.99)/((O20/151.99)+(R20/101.96))*100 -> #DIV/0! | AN20: =K20/'Molar Masses'!B$3*'Molar Masses'!B$4 -> 0 | AO20: =L20/'Molar Masses'!C$3*'Molar Masses'!C$4 -> 0 | AP20: =M20/'Molar Masses'!D$3*'Molar Masses'!D$4 -> 0 | AQ20: =N20/'Molar Masses'!E$3*'Molar Masses'!E$4 -> 0 | AR20: =O20/'Molar Masses'!F$3*'Molar Masses'!F$4 -> 0 | AS20: =P20/'Molar Masses'!G$3*'Molar Masses'!G$4 -> 0 | AT20: =Q20/'Molar Masses'!H$3*'Molar Masses'!H$4 -> 0 | AU20: =R20/'Molar Masses'!I$3*'Molar Masses'!I$4 -> 0 | ... AY20: =V20/'Molar Masses'!M$3*'Molar Masses'!M$4 -> 0 | AZ20: =SUM(AN20:AY20) -> 0 | BW20: =BJ20-BC20 -> 0 | BZ20: =BV20/BJ20 -> #DIV/0! | CB20: =BC20/BF20 -> #DIV/0! | CC20: =BC20/BJ20 -> #DIV/0!
B21: R-30_cpx-_melt pocket | C21: cpx | D21: MP | I21: GCB1 | J21: 43282 | K21: 0.51019 | L21: 17.203173 | M21: 51.504407 | N21: 22.55198 | O21: 0.6242 | P21: 2.7860633 | R21: 3.9784233 | T21: 0.11279 | U21: 0.09233 | V21: 0.05398 | W21: 99.41755 | X21: 91.67136 | Y21: =(O21/151.99)/((O21/151.99)+(R21/101.96))*100 -> 9.5228411 | AN21: =K21/'Molar Masses'!B$3*'Molar Masses'!B$4 -> 0.016463334 | AO21: =L21/'Molar Masses'!C$3*'Molar Masses'!C$4 -> 0.42683115 | AP21: =M21/'Molar Masses'!D$3*'Molar Masses'!D$4 -> 0.85720241 | AQ21: =N21/'Molar Masses'!E$3*'Molar Masses'!E$4 -> 0.40214375 | AR21: =O21/'Molar Masses'!F$3*'Molar Masses'!F$4 -> 0.0082136983 | AS21: =P21/'Molar Masses'!G$3*'Molar Masses'!G$4 -> 0.038778051 | AT21: =Q21/'Molar Masses'!H$3*'Molar Masses'!H$4 -> 0 | AU21: =R21/'Molar Masses'!I$3*'Molar Masses'!I$4 -> 0.078037924 | ... AY21: =V21/'Molar Masses'!M$3*'Molar Masses'!M$4 -> 0.00072269349 | AZ21: =SUM(AN21:AY21) -> 1.8311068 | BC21: =AN21/$AZ21 -> 0.0089909196 | BD21: =AO21/$AZ21 -> 0.23310008 | BE21: =AP21/$AZ21 -> 0.46813348 | BF21: =AQ21/$AZ21 -> 0.21961785 | BG21: =AR21/$AZ21 -> 0.0044856467 | BH21: =AS21/$AZ21 -> 0.021177383 | BI21: =AT21/$AZ21 -> 0 | BJ21: =AU21/$AZ21 -> 0.042617899 | ... BN21: =AY21/$AZ21 -> 0.00039467577 | BO21: =SUM(BC21:BN21) -> 1 | BP21: =(1.5-SUMPRODUCT(BC21:BN21,'Molar Masses'!$B$6:$M$6)) * 2 -> 0.024077912 | BR21: =BE21 -> 0.46813348 | BS21: =0.5*(BJ21-(BC21+BT21+BU21)) -> 0.013799416 | BT21: =BG21 -> 0.0044856467 | BU21: =2*BL21 -> 0.0015424993 | BV21: =SUM(BS21:BU21)/SUM(BR21:BU21) -> 0.040633495 | BW21: =BJ21-BC21 -> 0.033626979 | BY21: =BJ21-(0.5-BR21) -> 0.01075138 | BZ21: =BV21/BJ21 -> 0.95343731 | CB21: =BC21/BF21 -> 0.040938929 | CC21: =BC21/BJ21 -> 0.21096581
B22: R-30_cpx-3_melt pocket | C22: cpx | D22: MP | I22: GCB1 | J22: 43282 | K22: 0.32081 | L22: 17.014045 | M22: 51.403405 | N22: 22.2482 | O22: 1.24741 | P22: 2.532905 | R22: 4.926735 | T22: 0.27912 | U22: 0.087135 | V22: 0.039515 | W22: 100.09929 | X22: 92.292319 | Y22: =(O22/151.99)/((O22/151.99)+(R22/101.96))*100 -> 14.518935 | AN22: =K22/'Molar Masses'!B$3*'Molar Masses'!B$4 -> 0.010352226 | AO22: =L22/'Molar Masses'!C$3*'Molar Masses'!C$4 -> 0.42213865 | AP22: =M22/'Molar Masses'!D$3*'Molar Masses'!D$4 -> 0.85552141 | AQ22: =N22/'Molar Masses'!E$3*'Molar Masses'!E$4 -> 0.39672678 | AR22: =O22/'Molar Masses'!F$3*'Molar Masses'!F$4 -> 0.016414369 | AS22: =P22/'Molar Masses'!G$3*'Molar Masses'!G$4 -> 0.035254446 | AT22: =Q22/'Molar Masses'!H$3*'Molar Masses'!H$4 -> 0 | AU22: =R22/'Molar Masses'!I$3*'Molar Masses'!I$4 -> 0.096639332 | ... AY22: =V22/'Molar Masses'!M$3*'Molar Masses'!M$4 -> 0.00052903359 | AZ22: =SUM(AN22:AY22) -> 1.8382994 | BC22: =AN22/$AZ22 -> 0.0056314145 | BD22: =AO22/$AZ22 -> 0.22963541 | BE22: =AP22/$AZ22 -> 0.46538741 | BF22: =AQ22/$AZ22 -> 0.21581184 | BG22: =AR22/$AZ22 -> 0.0089291054 | BH22: =AS22/$AZ22 -> 0.019177749 | BI22: =AT22/$AZ22 -> 0 | BJ22: =AU22/$AZ22 -> 0.052569962 | ... BN22: =AY22/$AZ22 -> 0.00028778423 | BO22: =SUM(BC22:BN22) -> 1 | BP22: =(1.5-SUMPRODUCT(BC22:BN22,'Molar Masses'!$B$6:$M$6)) * 2 -> 0.0095552652 | BR22: =BE22 -> 0.46538741 | BS22: =0.5*(BJ22-(BC22+BT22+BU22)) -> 0.017103587 | BT22: =BG22 -> 0.0089291054 | BU22: =2*BL22 -> 0.0038022683 | BV22: =SUM(BS22:BU22)/SUM(BR22:BU22) -> 0.060245584 | BW22: =BJ22-BC22 -> 0.046938548 | BY22: =BJ22-(0.5-BR22) -> 0.017957369 | BZ22: =BV22/BJ22 -> 1.1460077 | CB22: =BC22/BF22 -> 0.026094094 | CC22: =BC22/BJ22 -> 0.10712229
B23: Exterior Melt Pocket | C23: cpx | D23: summary avg | I23: GCB1 | J23: 43282 | Y23: =(O23/151.99)/((O23/151.99)+(R23/101.96))*100 -> #DIV/0! | AN23: =K23/'Molar Masses'!B$3*'Molar Masses'!B$4 -> 0 | AO23: =L23/'Molar Masses'!C$3*'Molar Masses'!C$4 -> 0 | AP23: =M23/'Molar Masses'!D$3*'Molar Masses'!D$4 -> 0 | AQ23: =N23/'Molar Masses'!E$3*'Molar Masses'!E$4 -> 0 | AR23: =O23/'Molar Masses'!F$3*'Molar Masses'!F$4 -> 0 | AS23: =P23/'Molar Masses'!G$3*'Molar Masses'!G$4 -> 0 | AT23: =Q23/'Molar Masses'!H$3*'Molar Masses'!H$4 -> 0 | AU23: =R23/'Molar Masses'!I$3*'Molar Masses'!I$4 -> 0 | ... AY23: =V23/'Molar Masses'!M$3*'Molar Masses'!M$4 -> 0 | AZ23: =SUM(AN23:AY23) -> 0 | BW23: =BJ23-BC23 -> 0 | BZ23: =BV23/BJ23 -> #DIV/0! | CB23: =BC23/BF23 -> #DIV/0! | CC23: =BC23/BJ23 -> #DIV/0!
B24: core | C24: cpx | I24: GCB1 | J24: 43282 | K24: 0.48332333 | L24: 17.01371 | M24: 51.86764 | N24: 22.658477 | O24: 0.51981667 | P24: 2.73363 | R24: 3.89564 | T24: 0.11156 | U24: 0.10721333 | V24: 0.055043333 | W24: 99.446053 | X24: 91.731978 | Y24: =(O24/151.99)/((O24/151.99)+(R24/101.96))*100 -> 8.215874 | AN24: =K24/'Molar Masses'!B$3*'Molar Masses'!B$4 -> 0.015596373 | AO24: =L24/'Molar Masses'!C$3*'Molar Masses'!C$4 -> 0.42213034 | AP24: =M24/'Molar Masses'!D$3*'Molar Masses'!D$4 -> 0.8632478 | AQ24: =N24/'Molar Masses'!E$3*'Molar Masses'!E$4 -> 0.40404278 | AR24: =O24/'Molar Masses'!F$3*'Molar Masses'!F$4 -> 0.006840143 | AS24: =P24/'Molar Masses'!G$3*'Molar Masses'!G$4 -> 0.038048253 | AT24: =Q24/'Molar Masses'!H$3*'Molar Masses'!H$4 -> 0 | AU24: =R24/'Molar Masses'!I$3*'Molar Masses'!I$4 -> 0.076414105 | ... AY24: =V24/'Molar Masses'!M$3*'Molar Masses'!M$4 -> 0.00073692957 | AZ24: =SUM(AN24:AY24) -> 1.8299649 | BC24: =AN24/$AZ24 -> 0.0085227715 | BD24: =AO24/$AZ24 -> 0.23067673 | BE24: =AP24/$AZ24 -> 0.47172915 | BF24: =AQ24/$AZ24 -> 0.22079263 | BG24: =AR24/$AZ24 -> 0.0037378547 | BH24: =AS24/$AZ24 -> 0.020791793 | BI24: =AT24/$AZ24 -> 0 | BJ24: =AU24/$AZ24 -> 0.041757142 | ... BN24: =AY24/$AZ24 -> 0.00040270147 | BO24: =SUM(BC24:BN24) -> 1 | BP24: =(1.5-SUMPRODUCT(BC24:BN24,'Molar Masses'!$B$6:$M$6)) * 2 -> 0.01804285 | BR24: =BE24 -> 0.47172915 | BS24: =0.5*(BJ24-(BC24+BT24+BU24)) -> 0.013984943 | BT24: =BG24 -> 0.0037378547 | BU24: =2*BL24 -> 0.00152663 | BV24: =SUM(BS24:BU24)/SUM(BR24:BU24) -> 0.039206247 | BW24: =BJ24-BC24 -> 0.03323437 | BY24: =BJ24-(0.5-BR24) -> 0.013486289 | BZ24: =BV24/BJ24 -> 0.93891118 | CB24: =BC24/BF24 -> 0.038600796 | CC24: =BC24/BJ24 -> 0.20410333
B25: R-11_cpx-1_A | C25: cpx | D25: maybe primary | I25: GCB1 | J25: 43282 | K25: 0.48332333 | L25: 17.01371 | M25: 51.86764 | N25: 22.658477 | O25: 0.51981667 | P25: 2.73363 | R25: 3.89564 | T25: 0.11156 | U25: 0.10721333 | V25: 0.055043333 | W25: 99.446053 | X25: 91.731978 | Y25: =(O25/151.99)/((O25/151.99)+(R25/101.96))*100 -> 8.215874 | AN25: =K25/'Molar Masses'!B$3*'Molar Masses'!B$4 -> 0.015596373 | AO25: =L25/'Molar Masses'!C$3*'Molar Masses'!C$4 -> 0.42213034 | AP25: =M25/'Molar Masses'!D$3*'Molar Masses'!D$4 -> 0.8632478 | AQ25: =N25/'Molar Masses'!E$3*'Molar Masses'!E$4 -> 0.40404278 | AR25: =O25/'Molar Masses'!F$3*'Molar Masses'!F$4 -> 0.006840143 | AS25: =P25/'Molar Masses'!G$3*'Molar Masses'!G$4 -> 0.038048253 | AT25: =Q25/'Molar Masses'!H$3*'Molar Masses'!H$4 -> 0 | AU25: =R25/'Molar Masses'!I$3*'Molar Masses'!I$4 -> 0.076414105 | ... AY25: =V25/'Molar Masses'!M$3*'Molar Masses'!M$4 -> 0.00073692957 | AZ25: =SUM(AN25:AY25) -> 1.8299649 | BC25: =AN25/$AZ25 -> 0.0085227715 | BD25: =AO25/$AZ25 -> 0.23067673 | BE25: =AP25/$AZ25 -> 0.47172915 | BF25: =AQ25/$AZ25 -> 0.22079263 | BG25: =AR25/$AZ25 -> 0.0037378547 | BH25: =AS25/$AZ25 -> 0.020791793 | BI25: =AT25/$AZ25 -> 0 | BJ25: =AU25/$AZ25 -> 0.041757142 | ... BN25: =AY25/$AZ25 -> 0.00040270147 | BO25: =SUM(BC25:BN25) -> 1 | BP25: =(1.5-SUMPRODUCT(BC25:BN25,'Molar Masses'!$B$6:$M$6)) * 2 -> 0.01804285 | BR25: =BE25 -> 0.47172915 | BS25: =0.5*(BJ25-(BC25+BT25+BU25)) -> 0.013984943 | BT25: =BG25 -> 0.0037378547 | BU25: =2*BL25 -> 0.00152663 | BV25: =SUM(BS25:BU25)/SUM(BR25:BU25) -> 0.039206247 | BW25: =BJ25-BC25 -> 0.03323437 | BY25: =BJ25-(0.5-BR25) -> 0.013486289 | BZ25: =BV25/BJ25 -> 0.93891118 | CB25: =BC25/BF25 -> 0.038600796 | CC25: =BC25/BJ25 -> 0.20410333
B26: R-11_cpx-_Melt pocket | C26: cpx | D26: MP | I26: GCB1 | J26: 43282 | K26: 0.32538 | L26: 15.95351 | M26: 50.79133 | N26: 23.462555 | O26: 1.1376 | P26: 2.34008 | R26: 6.13983 | T26: 0.382635 | U26: 0.05989 | V26: 0.05584 | W26: 100.64865 | X26: 92.394327 | Y26: =(O26/151.99)/((O26/151.99)+(R26/101.96))*100 -> 11.055245 | AN26: =K26/'Molar Masses'!B$3*'Molar Masses'!B$4 -> 0.010499696 | AO26: =L26/'Molar Masses'!C$3*'Molar Masses'!C$4 -> 0.39582552 | AP26: =M26/'Molar Masses'!D$3*'Molar Masses'!D$4 -> 0.84533447 | AQ26: =N26/'Molar Masses'!E$3*'Molar Masses'!E$4 -> 0.41838099 | AR26: =O26/'Molar Masses'!F$3*'Molar Masses'!F$4 -> 0.014969406 | AS26: =P26/'Molar Masses'!G$3*'Molar Masses'!G$4 -> 0.032570595 | AT26: =Q26/'Molar Masses'!H$3*'Molar Masses'!H$4 -> 0 | AU26: =R26/'Molar Masses'!I$3*'Molar Masses'!I$4 -> 0.12043454 | ... AY26: =V26/'Molar Masses'!M$3*'Molar Masses'!M$4 -> 0.00074759548 | AZ26: =SUM(AN26:AY26) -> 1.844398 | BC26: =AN26/$AZ26 -> 0.0056927492 | BD26: =AO26/$AZ26 -> 0.2146096 | BE26: =AP26/$AZ26 -> 0.4583254 | BF26: =AQ26/$AZ26 -> 0.22683877 | BG26: =AR26/$AZ26 -> 0.0081161471 | BH26: =AS26/$AZ26 -> 0.017659201 | BI26: =AT26/$AZ26 -> 0 | BJ26: =AU26/$AZ26 -> 0.065297478 | ... BN26: =AY26/$AZ26 -> 0.00040533305 | BO26: =SUM(BC26:BN26) -> 1 | BP26: =(1.5-SUMPRODUCT(BC26:BN26,'Molar Masses'!$B$6:$M$6)) * 2 -> 0.010433172 | BR26: =BE26 -> 0.4583254 | BS26: =0.5*(BJ26-(BC26+BT26+BU26)) -> 0.023146716 | BT26: =BG26 -> 0.0081161471 | BU26: =2*BL26 -> 0.0051951501 | BV26: =SUM(BS26:BU26)/SUM(BR26:BU26) -> 0.073684793 | BW26: =BJ26-BC26 -> 0.059604729 | BY26: =BJ26-(0.5-BR26) -> 0.023622879 | BZ26: =BV26/BJ26 -> 1.1284477 | CB26: =BC26/BF26 -> 0.025096015 | CC26: =BC26/BJ26 -> 0.087181762
A27: 1 / 1 . | B27: PMR53_CPX_STD_1 | D27: standard | I27: PMR53 | J27: 44013 | K27: 2.111062 | L27: 18.19391 | M27: 54.19711 | N27: 13.7895 | O27: 0.153725 | P27: 6.95713 | R27: 2.924824 | S27: 0.134615 | T27: 0.367157 | U27: 0.155738 | W27: 98.98478 | X27: 82.33751 | Y27: =(O27/151.99)/((O27/151.99)+(R27/101.96))*100 -> 3.4057355 | AN27: =K27/'Molar Masses'!B$3*'Molar Masses'!B$4 -> 0.068121914 | AO27: =L27/'Molar Masses'!C$3*'Molar Masses'!C$4 -> 0.4514125 | AP27: =M27/'Molar Masses'!D$3*'Molar Masses'!D$4 -> 0.90201783 | AQ27: =N27/'Molar Masses'!E$3*'Molar Masses'!E$4 -> 0.24589243 | AR27: =O27/'Molar Masses'!F$3*'Molar Masses'!F$4 -> 0.0020228304 | AS27: =P27/'Molar Masses'!G$3*'Molar Masses'!G$4 -> 0.096833383 | AT27: =Q27/'Molar Masses'!H$3*'Molar Masses'!H$4 -> 0 | AU27: =R27/'Molar Masses'!I$3*'Molar Masses'!I$4 -> 0.057371269 | ... AY27: =V27/'Molar Masses'!M$3*'Molar Masses'!M$4 -> 0 | AZ27: =SUM(AN27:AY27) -> 1.8323615 | BC27: =AN27/$AZ27 -> 0.037177114 | BD27: =AO27/$AZ27 -> 0.24635559 | BE27: =AP27/$AZ27 -> 0.49227066 | BF27: =AQ27/$AZ27 -> 0.13419428 | BG27: =AR27/$AZ27 -> 0.0011039472 | BH27: =AS27/$AZ27 -> 0.052846221 | BI27: =AT27/$AZ27 -> 0 | BJ27: =AU27/$AZ27 -> 0.031310016 | ... BN27: =AY27/$AZ27 -> 0 | BO27: =SUM(BC27:BN27) -> 1 | BP27: =(1.5-SUMPRODUCT(BC27:BN27,'Molar Masses'!$B$6:$M$6)) * 2 -> 0.012098596 | BR27: =BE27 -> 0.49227066 | BS27: =0.5*(BJ27-(BC27+BT27+BU27)) -> -0.0059943959 | BT27: =BG27 -> 0.0011039472 | BU27: =2*BL27 -> 0.0050177464 | BZ27: =BV27/BJ27 -> 0 | CB27: =BC27/BF27 -> 0.27703949 | CC27: =BC27/BJ27 -> 1.1873873
A28: 2 / 1 . | B28: AZ18_WHT06_CPX4_phenocryst_core | D28: phenocryst | I28: AZ18WHT06 Scoria | J28: 44013 | K28: 0.337847 | L28: 14.34405 | M28: 48.41978 | N28: 22.82644 | O28: 0.314473 | P28: 6.27402 | R28: 5.669125 | S28: 0.22238 | T28: 1.466736 | U28: 0.134057 | W28: 100.0089 | X28: 80.297321 | Y28: =(O28/151.99)/((O28/151.99)+(R28/101.96))*100 -> 3.5876878 | AN28: =K28/'Molar Masses'!B$3*'Molar Masses'!B$4 -> 0.010901993 | AO28: =L28/'Molar Masses'!C$3*'Molar Masses'!C$4 -> 0.3558929 | AP28: =M28/'Molar Masses'!D$3*'Molar Masses'!D$4 -> 0.80586409 | AQ28: =N28/'Molar Masses'!E$3*'Molar Masses'!E$4 -> 0.40703788 | AR28: =O28/'Molar Masses'!F$3*'Molar Masses'!F$4 -> 0.0041380749 | AS28: =P28/'Molar Masses'!G$3*'Molar Masses'!G$4 -> 0.087325461 | AT28: =Q28/'Molar Masses'!H$3*'Molar Masses'!H$4 -> 0 | AU28: =R28/'Molar Masses'!I$3*'Molar Masses'!I$4 -> 0.11120153 | ... AY28: =V28/'Molar Masses'!M$3*'Molar Masses'!M$4 -> 0 | AZ28: =SUM(AN28:AY28) -> 1.8057501 | BC28: =AN28/$AZ28 -> 0.0060373766 | BD28: =AO28/$AZ28 -> 0.19708868 | BE28: =AP28/$AZ28 -> 0.44627664 | BF28: =AQ28/$AZ28 -> 0.22541207 | BG28: =AR28/$AZ28 -> 0.0022916099 | BH28: =AS28/$AZ28 -> 0.048359659 | BI28: =AT28/$AZ28 -> 0 | BJ28: =AU28/$AZ28 -> 0.061581902 | ... BN28: =AY28/$AZ28 -> 0 | BO28: =SUM(BC28:BN28) -> 1 | BP28: =(1.5-SUMPRODUCT(BC28:BN28,'Molar Masses'!$B$6:$M$6)) * 2 -> 0.02406429 | BR28: =BE28 -> 0.44627664 | BS28: =0.5*(BJ28-(BC28+BT28+BU28)) -> 0.01645619 | BT28: =BG28 -> 0.0022916099 | BU28: =2*BL28 -> 0.020340534 | BV28: =SUM(BS28:BU28)/SUM(BR28:BU28) -> 0.080533901 | BW28: =BJ28-BC28 -> 0.055544525 | BY28: =BJ28-(0.5-BR28) -> 0.0078585395 | BZ28: =BV28/BJ28 -> 1.3077527 | CB28: =BC28/BF28 -> 0.026783732 | CC28: =BC28/BJ28 -> 0.098038164
A29: 3 / 1 . | B29: AZ18_WHT06_CPX4_phenocryst_Long_rim | D29: phenocryst | I29: AZ18WHT06 Scoria | J29: 44013 | K29: 0.241652 | L29: 16.0621 | M29: 51.09752 | N29: 22.30197 | O29: 0.080693 | P29: 6.132524 | R29: 3.187994 | S29: 0.238201 | T29: 0.880195 | U29: 0.132114 | W29: 100.355 | X29: 82.359847 | Y29: =(O29/151.99)/((O29/151.99)+(R29/101.96))*100 -> 1.6696323 | AN29: =K29/'Molar Masses'!B$3*'Molar Masses'!B$4 -> 0.0077978746 | AO29: =L29/'Molar Masses'!C$3*'Molar Masses'!C$4 -> 0.39851976 | AP29: =M29/'Molar Masses'!D$3*'Molar Masses'!D$4 -> 0.85043048 | AQ29: =N29/'Molar Masses'!E$3*'Molar Masses'!E$4 -> 0.3976856 | AR29: =O29/'Molar Masses'!F$3*'Molar Masses'!F$4 -> 0.0010618199 | AS29: =P29/'Molar Masses'!G$3*'Molar Masses'!G$4 -> 0.085356037 | AT29: =Q29/'Molar Masses'!H$3*'Molar Masses'!H$4 -> 0 | AU29: =R29/'Molar Masses'!I$3*'Molar Masses'!I$4 -> 0.062533424 | ... AY29: =V29/'Molar Masses'!M$3*'Molar Masses'!M$4 -> 0 | AZ29: =SUM(AN29:AY29) -> 1.8196247 | BC29: =AN29/$AZ29 -> 0.0042854302 | BD29: =AO29/$AZ29 -> 0.21901207 | BE29: =AP29/$AZ29 -> 0.46736588 | BF29: =AQ29/$AZ29 -> 0.21855365 | BG29: =AR29/$AZ29 -> 0.00058353785 | BH29: =AS29/$AZ29 -> 0.046908595 | BI29: =AT29/$AZ29 -> 0 | BJ29: =AU29/$AZ29 -> 0.034366112 | ... BN29: =AY29/$AZ29 -> 0 | BO29: =SUM(BC29:BN29) -> 1 | BP29: =(1.5-SUMPRODUCT(BC29:BN29,'Molar Masses'!$B$6:$M$6)) * 2 -> 0.016957045 | BR29: =BE29 -> 0.46736588 | BS29: =0.5*(BJ29-(BC29+BT29+BU29)) -> 0.0086918846 | BT29: =BG29 -> 0.00058353785 | BU29: =2*BL29 -> 0.012113374 | BV29: =SUM(BS29:BU29)/SUM(BR29:BU29) -> 0.043761826 | BW29: =BJ29-BC29 -> 0.030080681 | BY29: =BJ29-(0.5-BR29) -> 0.0017319895 | BZ29: =BV29/BJ29 -> 1.2734006 | CB29: =BC29/BF29 -> 0.019608139 | CC29: =BC29/BJ29 -> 0.1246993
A30: 4 / 1 . | B30: AZ18_WHT06_CPX4_phenocryst_narrow_rim | D30: phenocryst | I30: AZ18WHT06 Scoria | J30: 44013 | K30: 0.320943 | L30: 13.81878 | M30: 48.26093 | N30: 22.83122 | O30: 0.1659 | P30: 6.597981 | R30: 6.027592 | S30: 0.238976 | T30: 1.645312 | U30: 0.112514 | W30: 100.0201 | X30: 78.87369 | Y30: =(O30/151.99)/((O30/151.99)+(R30/101.96))*100 -> 1.8128915 | AN30: =K30/'Molar Masses'!B$3*'Molar Masses'!B$4 -> 0.010356518 | AO30: =L30/'Molar Masses'!C$3*'Molar Masses'!C$4 -> 0.34286033 | AP30: =M30/'Molar Masses'!D$3*'Molar Masses'!D$4 -> 0.80322031 | AQ30: =N30/'Molar Masses'!E$3*'Molar Masses'!E$4 -> 0.40712311 | AR30: =O30/'Molar Masses'!F$3*'Molar Masses'!F$4 -> 0.0021830384 | AS30: =P30/'Molar Masses'!G$3*'Molar Masses'!G$4 -> 0.091834539 | AT30: =Q30/'Molar Masses'!H$3*'Molar Masses'!H$4 -> 0 | AU30: =R30/'Molar Masses'!I$3*'Molar Masses'!I$4 -> 0.11823296 | ... AY30: =V30/'Molar Masses'!M$3*'Molar Masses'!M$4 -> 0 | AZ30: =SUM(AN30:AY30) -> 1.8013651 | BC30: =AN30/$AZ30 -> 0.0057492609 | BD30: =AO30/$AZ30 -> 0.19033362 | BE30: =AP30/$AZ30 -> 0.44589534 | BF30: =AQ30/$AZ30 -> 0.22600811 | BG30: =AR30/$AZ30 -> 0.00121188 | BH30: =AS30/$AZ30 -> 0.050980525 | BI30: =AT30/$AZ30 -> 0 | BJ30: =AU30/$AZ30 -> 0.065635201 | ... BN30: =AY30/$AZ30 -> 0 | BO30: =SUM(BC30:BN30) -> 1 | BP30: =(1.5-SUMPRODUCT(BC30:BN30,'Molar Masses'!$B$6:$M$6)) * 2 -> 0.018631062 | BR30: =BE30 -> 0.44589534 | BS30: =0.5*(BJ30-(BC30+BT30+BU30)) -> 0.017900755 | BT30: =BG30 -> 0.00121188 | BU30: =2*BL30 -> 0.02287255 | BV30: =SUM(BS30:BU30)/SUM(BR30:BU30) -> 0.086056284 | BW30: =BJ30-BC30 -> 0.05988594 | BY30: =BJ30-(0.5-BR30) -> 0.011530543 | BZ30: =BV30/BJ30 -> 1.31113 | CB30: =BC30/BF30 -> 0.025438295 | CC30: =BC30/BJ30 -> 0.087594169
A31: 5 / 1 . | B31: AZ18_WHT06_CPX_Xenocryst_prof1_rim | D31: xenocryst | I31: AZ18WHT06 Xenocrysts | J31: 44013 | K31: 0.355506 | L31: 13.06295 | M31: 47.68927 | N31: 22.53806 | O31: 0.172154 | P31: 7.049124 | R31: 5.547668 | S31: 0.264166 | T31: 2.382529 | U31: 0.123298 | W31: 99.18474 | X31: 76.762359 | Y31: =(O31/151.99)/((O31/151.99)+(R31/101.96))*100 -> 2.0392642 | AJ31: 0 | AN31: =K31/'Molar Masses'!B$3*'Molar Masses'!B$4 -> 0.011471832 | AO31: =L31/'Molar Masses'!C$3*'Molar Masses'!C$4 -> 0.32410729 | AP31: =M31/'Molar Masses'!D$3*'Molar Masses'!D$4 -> 0.79370601 | AQ31: =N31/'Molar Masses'!E$3*'Molar Masses'!E$4 -> 0.40189553 | AR31: =O31/'Molar Masses'!F$3*'Molar Masses'!F$4 -> 0.0022653332 | AS31: =P31/'Molar Masses'!G$3*'Molar Masses'!G$4 -> 0.098113809 | AT31: =Q31/'Molar Masses'!H$3*'Molar Masses'!H$4 -> 0 | AU31: =R31/'Molar Masses'!I$3*'Molar Masses'!I$4 -> 0.10881911 | ... AY31: =V31/'Molar Masses'!M$3*'Molar Masses'!M$4 -> 0 | AZ31: =SUM(AN31:AY31) -> 1.7756708 | BC31: =AN31/$AZ31 -> 0.0064605624 | BD31: =AO31/$AZ31 -> 0.18252667 | BE31: =AP31/$AZ31 -> 0.44698938 | BF31: =AQ31/$AZ31 -> 0.22633447 | BG31: =AR31/$AZ31 -> 0.0012757619 | BH31: =AS31/$AZ31 -> 0.055254503 | BI31: =AT31/$AZ31 -> 0 | BJ31: =AU31/$AZ31 -> 0.061283381 | ... BN31: =AY31/$AZ31 -> 0 | BO31: =SUM(BC31:BN31) -> 1 | BP31: =(1.5-SUMPRODUCT(BC31:BN31,'Molar Masses'!$B$6:$M$6)) * 2 -> 0.010033609 | BR31: =BE31 -> 0.44698938 | BS31: =0.5*(BJ31-(BC31+BT31+BU31)) -> 0.0099733536 | BT31: =BG31 -> 0.0012757619 | BU31: =2*BL31 -> 0.033600349 | BV31: =SUM(BS31:BU31)/SUM(BR31:BU31) -> 0.091187317 | BW31: =BJ31-BC31 -> 0.054822818 | BY31: =BJ31-(0.5-BR31) -> 0.0082727613 | BZ31: =BV31/BJ31 -> 1.4879616 | CB31: =BC31/BF31 -> 0.028544314 | CC31: =BC31/BJ31 -> 0.10542112
A32: 5 / 2 . | B32: AZ18_WHT06_CPX_Xenocryst_prof1_rim | D32: xenocryst | I32: AZ18WHT06 Xenocrysts | J32: 44013 | K32: 0.3808 | L32: 13.20668 | M32: 47.68296 | N32: 22.86014 | O32: 0.146132 | P32: 6.876187 | R32: 5.384778 | S32: 0.24787 | T32: 2.273811 | U32: 0.115374 | W32: 99.17473 | X32: 77.394507 | Y32: =(O32/151.99)/((O32/151.99)+(R32/101.96))*100 -> 1.787957 | AJ32: 2.5 | AN32: =K32/'Molar Masses'!B$3*'Molar Masses'!B$4 -> 0.012288045 | AO32: =L32/'Molar Masses'!C$3*'Molar Masses'!C$4 -> 0.32767341 | AP32: =M32/'Molar Masses'!D$3*'Molar Masses'!D$4 -> 0.79360099 | AQ32: =N32/'Molar Masses'!E$3*'Molar Masses'!E$4 -> 0.40763881 | AR32: =O32/'Molar Masses'!F$3*'Molar Masses'!F$4 -> 0.001922916 | AS32: =P32/'Molar Masses'!G$3*'Molar Masses'!G$4 -> 0.095706772 | AT32: =Q32/'Molar Masses'!H$3*'Molar Masses'!H$4 -> 0 | AU32: =R32/'Molar Masses'!I$3*'Molar Masses'!I$4 -> 0.10562398 | ... AY32: =V32/'Molar Masses'!M$3*'Molar Masses'!M$4 -> 0 | AZ32: =SUM(AN32:AY32) -> 1.7780443 | BC32: =AN32/$AZ32 -> 0.0069109893 | BD32: =AO32/$AZ32 -> 0.18428867 | BE32: =AP32/$AZ32 -> 0.44633365 | BF32: =AQ32/$AZ32 -> 0.22926247 | BG32: =AR32/$AZ32 -> 0.0010814781 | BH32: =AS32/$AZ32 -> 0.05382699 | BI32: =AT32/$AZ32 -> 0 | BJ32: =AU32/$AZ32 -> 0.059404583 | ... BN32: =AY32/$AZ32 -> 0 | BO32: =SUM(BC32:BN32) -> 1 | BP32: =(1.5-SUMPRODUCT(BC32:BN32,'Molar Masses'!$B$6:$M$6)) * 2 -> 0.015840426 | BR32: =BE32 -> 0.44633365 | BS32: =0.5*(BJ32-(BC32+BT32+BU32)) -> 0.0096939 | BT32: =BG32 -> 0.0010814781 | BU32: =2*BL32 -> 0.032024316 | BV32: =SUM(BS32:BU32)/SUM(BR32:BU32) -> 0.087501075 | BW32: =BJ32-BC32 -> 0.052493594 | BY32: =BJ32-(0.5-BR32) -> 0.0057382348 | BZ32: =BV32/BJ32 -> 1.4729684 | CB32: =BC32/BF32 -> 0.030144443 | CC32: =BC32/BJ32 -> 0.11633765
A33: 5 / 3 . | B33: AZ18_WHT06_CPX_Xenocryst_prof1_rim | D33: xenocryst | I33: AZ18WHT06 Xenocrysts | J33: 44013 | K33: 0.358696 | L33: 13.14649 | M33: 48.20082 | N33: 23.13826 | O33: 0.163253 | P33: 6.842701 | R33: 5.282504 | S33: 0.257604 | T33: 2.206128 | U33: 0.102946 | W33: 99.69941 | X33: 77.399987 | Y33: =(O33/151.99)/((O33/151.99)+(R33/101.96))*100 -> 2.0310683 | AJ33: 5 | AN33: =K33/'Molar Masses'!B$3*'Molar Masses'!B$4 -> 0.01157477 | AO33: =L33/'Molar Masses'!C$3*'Molar Masses'!C$4 -> 0.32618002 | AP33: =M33/'Molar Masses'!D$3*'Molar Masses'!D$4 -> 0.80221988 | AQ33: =N33/'Molar Masses'!E$3*'Molar Masses'!E$4 -> 0.41259821 | AR33: =O33/'Molar Masses'!F$3*'Molar Masses'!F$4 -> 0.0021482071 | AS33: =P33/'Molar Masses'!G$3*'Molar Masses'!G$4 -> 0.095240694 | AT33: =Q33/'Molar Masses'!H$3*'Molar Masses'!H$4 -> 0 | AU33: =R33/'Molar Masses'!I$3*'Molar Masses'!I$4 -> 0.10361784 | ... AY33: =V33/'Molar Masses'!M$3*'Molar Masses'!M$4 -> 0 | AZ33: =SUM(AN33:AY33) -> 1.7862835 | BC33: =AN33/$AZ33 -> 0.006479806 | BD33: =AO33/$AZ33 -> 0.18260261 | BE33: =AP33/$AZ33 -> 0.44909998 | BF33: =AQ33/$AZ33 -> 0.23098137 | BG33: =AR33/$AZ33 -> 0.0012026127 | BH33: =AS33/$AZ33 -> 0.053317794 | BI33: =AT33/$AZ33 -> 0 | BJ33: =AU33/$AZ33 -> 0.058007503 | ... BN33: =AY33/$AZ33 -> 0 | BO33: =SUM(BC33:BN33) -> 1 | BP33: =(1.5-SUMPRODUCT(BC33:BN33,'Molar Masses'!$B$6:$M$6)) * 2 -> 0.012045915 | BR33: =BE33 -> 0.44909998 | BS33: =0.5*(BJ33-(BC33+BT33+BU33)) -> 0.0096986649 | BT33: =BG33 -> 0.0012026127 | BU33: =2*BL33 -> 0.030927754 | BV33: =SUM(BS33:BU33)/SUM(BR33:BU33) -> 0.085203829 | BW33: =BJ33-BC33 -> 0.051527697 | BY33: =BJ33-(0.5-BR33) -> 0.0071074872 | BZ33: =BV33/BJ33 -> 1.4688415 | CB33: =BC33/BF33 -> 0.02805337 | CC33: =BC33/BJ33 -> 0.11170634
A34: 5 / 4 . | B34: AZ18_WHT06_CPX_Xenocryst_prof1_rim | D34: xenocryst | I34: AZ18WHT06 Xenocrysts | J34: 44013 | K34: 0.352207 | L34: 13.40935 | M34: 48.2681 | N34: 23.37511 | O34: 0.193059 | P34: 6.78707 | R34: 5.258124 | S34: 0.254132 | T34: 2.19282 | U34: 0.109625 | W34: 100.1996 | X34: 77.885338 | Y34: =(O34/151.99)/((O34/151.99)+(R34/101.96))*100 -> 2.4038466 | AJ34: 7.5 | AN34: =K34/'Molar Masses'!B$3*'Molar Masses'!B$4 -> 0.011365377 | AO34: =L34/'Molar Masses'!C$3*'Molar Masses'!C$4 -> 0.33270189 | AP34: =M34/'Molar Masses'!D$3*'Molar Masses'!D$4 -> 0.80333964 | AQ34: =N34/'Molar Masses'!E$3*'Molar Masses'!E$4 -> 0.41682168 | AR34: =O34/'Molar Masses'!F$3*'Molar Masses'!F$4 -> 0.0025404171 | AS34: =P34/'Molar Masses'!G$3*'Molar Masses'!G$4 -> 0.094466389 | AT34: =Q34/'Molar Masses'!H$3*'Molar Masses'!H$4 -> 0 | AU34: =R34/'Molar Masses'!I$3*'Molar Masses'!I$4 -> 0.10313962 | ... AY34: =V34/'Molar Masses'!M$3*'Molar Masses'!M$4 -> 0 | AZ34: =SUM(AN34:AY34) -> 1.7969575 | BC34: =AN34/$AZ34 -> 0.0063247889 | BD34: =AO34/$AZ34 -> 0.18514734 | BE34: =AP34/$AZ34 -> 0.44705545 | BF34: =AQ34/$AZ34 -> 0.23195968 | BG34: =AR34/$AZ34 -> 0.0014137325 | BH34: =AS34/$AZ34 -> 0.052570186 | BI34: =AT34/$AZ34 -> 0 | BJ34: =AU34/$AZ34 -> 0.057396808 | ... BN34: =AY34/$AZ34 -> 0 | BO34: =SUM(BC34:BN34) -> 1 | BP34: =(1.5-SUMPRODUCT(BC34:BN34,'Molar Masses'!$B$6:$M$6)) * 2 -> 0.016866587 | BR34: =BE34 -> 0.44705545 | BS34: =0.5*(BJ34-(BC34+BT34+BU34)) -> 0.0095498506 | BT34: =BG34 -> 0.0014137325 | BU34: =2*BL34 -> 0.030558585 | BV34: =SUM(BS34:BU34)/SUM(BR34:BU34) -> 0.084985817 | BW34: =BJ34-BC34 -> 0.051072019 | BY34: =BJ34-(0.5-BR34) -> 0.004452263 | BZ34: =BV34/BJ34 -> 1.4806715 | CB34: =BC34/BF34 -> 0.02726676 | CC34: =BC34/BJ34 -> 0.11019409
A35: 5 / 5 . | B35: AZ18_WHT06_CPX_Xenocryst_prof1_rim | D35: xenocryst | I35: AZ18WHT06 Xenocrysts | J35: 44013 | K35: 0.358777 | L35: 13.5943 | M35: 48.51057 | N35: 23.01702 | O35: 0.201612 | P35: 6.455187 | R35: 5.151327 | S35: 0.242253 | T35: 2.122547 | U35: 0.097491 | W35: 99.75108 | X35: 78.96522 | Y35: =(O35/151.99)/((O35/151.99)+(R35/101.96))*100 -> 2.5583313 | AJ35: 10.001999 | AN35: =K35/'Molar Masses'!B$3*'Molar Masses'!B$4 -> 0.011577384 | AO35: =L35/'Molar Masses'!C$3*'Molar Masses'!C$4 -> 0.33729072 | AP35: =M35/'Molar Masses'!D$3*'Molar Masses'!D$4 -> 0.80737514 | AQ35: =N35/'Molar Masses'!E$3*'Molar Masses'!E$4 -> 0.41043627 | AR35: =O35/'Molar Masses'!F$3*'Molar Masses'!F$4 -> 0.002652964 | AS35: =P35/'Molar Masses'!G$3*'Molar Masses'!G$4 -> 0.089847049 | AT35: =Q35/'Molar Masses'!H$3*'Molar Masses'!H$4 -> 0 | AU35: =R35/'Molar Masses'!I$3*'Molar Masses'!I$4 -> 0.10104477 | ... AY35: =V35/'Molar Masses'!M$3*'Molar Masses'!M$4 -> 0 | AZ35: =SUM(AN35:AY35) -> 1.7915884 | BC35: =AN35/$AZ35 -> 0.006462078 | BD35: =AO35/$AZ35 -> 0.18826351 | BE35: =AP35/$AZ35 -> 0.45064766 | BF35: =AQ35/$AZ35 -> 0.22909071 | BG35: =AR35/$AZ35 -> 0.0014807888 | BH35: =AS35/$AZ35 -> 0.05014938 | BI35: =AT35/$AZ35 -> 0 | BJ35: =AU35/$AZ35 -> 0.056399543 | ... BN35: =AY35/$AZ35 -> 0 | BO35: =SUM(BC35:BN35) -> 1 | BP35: =(1.5-SUMPRODUCT(BC35:BN35,'Molar Masses'!$B$6:$M$6)) * 2 -> 0.011902695 | BR35: =BE35 -> 0.45064766 | BS35: =0.5*(BJ35-(BC35+BT35+BU35)) -> 0.0093943773 | BT35: =BG35 -> 0.0014807888 | BU35: =2*BL35 -> 0.029667922 | BV35: =SUM(BS35:BU35)/SUM(BR35:BU35) -> 0.082540414 | BW35: =BJ35-BC35 -> 0.049937465 | BY35: =BJ35-(0.5-BR35) -> 0.0070472058 | BZ35: =BV35/BJ35 -> 1.4634944 | CB35: =BC35/BF35 -> 0.028207507 | CC35: =BC35/BJ35 -> 0.11457678
A36: 5 / 6 . | B36: AZ18_WHT06_CPX_Xenocryst_prof1_rim | D36: xenocryst | I36: AZ18WHT06 Xenocrysts | J36: 44013 | K36: 0.354419 | L36: 13.39523 | M36: 48.46143 | N36: 23.09287 | O36: 0.206517 | P36: 6.314919 | R36: 5.155789 | S36: 0.242283 | T36: 2.135337 | U36: 0.104836 | W36: 99.46364 | X36: 79.08486 | Y36: =(O36/151.99)/((O36/151.99)+(R36/101.96))*100 -> 2.6167354 | AJ36: 12.501999 | AN36: =K36/'Molar Masses'!B$3*'Molar Masses'!B$4 -> 0.011436756 | AO36: =L36/'Molar Masses'!C$3*'Molar Masses'!C$4 -> 0.33235155 | AP36: =M36/'Molar Masses'!D$3*'Molar Masses'!D$4 -> 0.80655729 | AQ36: =N36/'Molar Masses'!E$3*'Molar Masses'!E$4 -> 0.41178882 | AR36: =O36/'Molar Masses'!F$3*'Molar Masses'!F$4 -> 0.0027175077 | AS36: =P36/'Molar Masses'!G$3*'Molar Masses'!G$4 -> 0.087894717 | AT36: =Q36/'Molar Masses'!H$3*'Molar Masses'!H$4 -> 0 | AU36: =R36/'Molar Masses'!I$3*'Molar Masses'!I$4 -> 0.10113229 | ... AY36: =V36/'Molar Masses'!M$3*'Molar Masses'!M$4 -> 0 | AZ36: =SUM(AN36:AY36) -> 1.7855072 | BC36: =AN36/$AZ36 -> 0.0064053261 | BD36: =AO36/$AZ36 -> 0.18613846 | BE36: =AP36/$AZ36 -> 0.45172447 | BF36: =AQ36/$AZ36 -> 0.23062849 | BG36: =AR36/$AZ36 -> 0.0015219808 | BH36: =AS36/$AZ36 -> 0.049226751 | BI36: =AT36/$AZ36 -> 0 | BJ36: =AU36/$AZ36 -> 0.056640653 | ... BN36: =AY36/$AZ36 -> 0 | BO36: =SUM(BC36:BN36) -> 1 | BP36: =(1.5-SUMPRODUCT(BC36:BN36,'Molar Masses'!$B$6:$M$6)) * 2 -> 0.0091094169 | BR36: =BE36 -> 0.45172447 | BS36: =0.5*(BJ36-(BC36+BT36+BU36)) -> 0.0093824985 | BT36: =BG36 -> 0.0015219808 | BU36: =2*BL36 -> 0.029948349 | BV36: =SUM(BS36:BU36)/SUM(BR36:BU36) -> 0.082936888 | BW36: =BJ36-BC36 -> 0.050235327 | BY36: =BJ36-(0.5-BR36) -> 0.0083651251 | BZ36: =BV36/BJ36 -> 1.4642643 | CB36: =BC36/BF36 -> 0.027773352 | CC36: =BC36/BJ36 -> 0.11308708
A37: 5 / 7 . | B37: AZ18_WHT06_CPX_Xenocryst_prof1_rim | D37: xenocryst | I37: AZ18WHT06 Xenocrysts | J37: 44013 | K37: 0.381869 | L37: 13.41788 | M37: 48.00957 | N37: 23.33621 | O37: 0.201938 | P37: 6.591768 | R37: 5.409098 | S37: 0.240502 | T37: 2.157881 | U37: 0.094979 | W37: 99.84171 | X37: 78.394915 | Y37: =(O37/151.99)/((O37/151.99)+(R37/101.96))*100 -> 2.4432359 | AJ37: 15.001999 | AN37: =K37/'Molar Masses'!B$3*'Molar Masses'!B$4 -> 0.012322541 | AO37: =L37/'Molar Masses'!C$3*'Molar Masses'!C$4 -> 0.33291353 | AP37: =M37/'Molar Masses'!D$3*'Molar Masses'!D$4 -> 0.79903685 | AQ37: =N37/'Molar Masses'!E$3*'Molar Masses'!E$4 -> 0.41612803 | AR37: =O37/'Molar Masses'!F$3*'Molar Masses'!F$4 -> 0.0026572538 | AS37: =P37/'Molar Masses'!G$3*'Molar Masses'!G$4 -> 0.091748063 | AT37: =Q37/'Molar Masses'!H$3*'Molar Masses'!H$4 -> 0 | AU37: =R37/'Molar Masses'!I$3*'Molar Masses'!I$4 -> 0.10610102 | ... AY37: =V37/'Molar Masses'!M$3*'Molar Masses'!M$4 -> 0 | AZ37: =SUM(AN37:AY37) -> 1.7926538 | BC37: =AN37/$AZ37 -> 0.00687391 | BD37: =AO37/$AZ37 -> 0.18570989 | BE37: =AP37/$AZ37 -> 0.44572849 | BF37: =AQ37/$AZ37 -> 0.23212962 | BG37: =AR37/$AZ37 -> 0.0014823017 | BH37: =AS37/$AZ37 -> 0.051180024 | BI37: =AT37/$AZ37 -> 0 | BJ37: =AU37/$AZ37 -> 0.059186567 | ... BN37: =AY37/$AZ37 -> 0 | BO37: =SUM(BC37:BN37) -> 1 | BP37: =(1.5-SUMPRODUCT(BC37:BN37,'Molar Masses'!$B$6:$M$6)) * 2 -> 0.018933059 | BR37: =BE37 -> 0.44572849 | BS37: =0.5*(BJ37-(BC37+BT37+BU37)) -> 0.010343238 | BT37: =BG37 -> 0.0014823017 | BU37: =2*BL37 -> 0.030143879 | BV37: =SUM(BS37:BU37)/SUM(BR37:BU37) -> 0.08605618 | BW37: =BJ37-BC37 -> 0.052312657 | BY37: =BJ37-(0.5-BR37) -> 0.0049150592 | BZ37: =BV37/BJ37 -> 1.4539816 | CB37: =BC37/BF37 -> 0.029612378 | CC37: =BC37/BJ37 -> 0.1161397
A38: 5 / 8 . | B38: AZ18_WHT06_CPX_Xenocryst_prof1_rim | D38: xenocryst | I38: AZ18WHT06 Xenocrysts | J38: 44013 | K38: 0.41265 | L38: 13.30764 | M38: 47.75115 | N38: 23.11993 | O38: 0.249156 | P38: 6.227009 | R38: 5.706132 | S38: 0.240637 | T38: 2.218648 | U38: 0.103811 | W38: 99.33676 | X38: 79.207951 | Y38: =(O38/151.99)/((O38/151.99)+(R38/101.96))*100 -> 2.8458099 | AJ38: 17.501999 | AN38: =K38/'Molar Masses'!B$3*'Molar Masses'!B$4 -> 0.013315813 | AO38: =L38/'Molar Masses'!C$3*'Molar Masses'!C$4 -> 0.33017834 | AP38: =M38/'Molar Masses'!D$3*'Molar Masses'!D$4 -> 0.7947359 | AQ38: =N38/'Molar Masses'!E$3*'Molar Masses'!E$4 -> 0.41227135 | AR38: =O38/'Molar Masses'!F$3*'Molar Masses'!F$4 -> 0.0032785841 | AS38: =P38/'Molar Masses'!G$3*'Molar Masses'!G$4 -> 0.086671135 | AT38: =Q38/'Molar Masses'!H$3*'Molar Masses'!H$4 -> 0 | AU38: =R38/'Molar Masses'!I$3*'Molar Masses'!I$4 -> 0.11192743 | ... AY38: =V38/'Molar Masses'!M$3*'Molar Masses'!M$4 -> 0 | AZ38: =SUM(AN38:AY38) -> 1.7850123 | BC38: =AN38/$AZ38 -> 0.0074597881 | BD38: =AO38/$AZ38 -> 0.18497259 | BE38: =AP38/$AZ38 -> 0.44522713 | BF38: =AQ38/$AZ38 -> 0.23096275 | BG38: =AR38/$AZ38 -> 0.0018367292 | BH38: =AS38/$AZ38 -> 0.048554923 | BI38: =AT38/$AZ38 -> 0 | BJ38: =AU38/$AZ38 -> 0.062704011 | ... BN38: =AY38/$AZ38 -> 0 | BO38: =SUM(BC38:BN38) -> 1 | BP38: =(1.5-SUMPRODUCT(BC38:BN38,'Molar Masses'!$B$6:$M$6)) * 2 -> 0.015640773 | BR38: =BE38 -> 0.44522713 | BS38: =0.5*(BJ38-(BC38+BT38+BU38)) -> 0.011141035 | BT38: =BG38 -> 0.0018367292 | BU38: =2*BL38 -> 0.031125423 | BV38: =SUM(BS38:BU38)/SUM(BR38:BU38) -> 0.090129685 | BW38: =BJ38-BC38 -> 0.055244223 | BY38: =BJ38-(0.5-BR38) -> 0.0079311403 | BZ38: =BV38/BJ38 -> 1.4373831 | CB38: =BC38/BF38 -> 0.032298663 | CC38: =BC38/BJ38 -> 0.11896828
A39: 5 / 9 . | B39: AZ18_WHT06_CPX_Xenocryst_prof1_rim | D39: xenocryst | I39: AZ18WHT06 Xenocrysts | J39: 44013 | K39: 0.407868 | L39: 13.36325 | M39: 47.8021 | N39: 23.20823 | O39: 0.313748 | P39: 6.045313 | R39: 5.637379 | S39: 0.259502 | T39: 2.131324 | U39: 0.094109 | W39: 99.26283 | X39: 79.758836 | Y39: =(O39/151.99)/((O39/151.99)+(R39/101.96))*100 -> 3.5991457 | AJ39: 20.001999 | AN39: =K39/'Molar Masses'!B$3*'Molar Masses'!B$4 -> 0.013161503 | AO39: =L39/'Molar Masses'!C$3*'Molar Masses'!C$4 -> 0.33155809 | AP39: =M39/'Molar Masses'!D$3*'Molar Masses'!D$4 -> 0.79558387 | AQ39: =N39/'Molar Masses'!E$3*'Molar Masses'!E$4 -> 0.4138459 | AR39: =O39/'Molar Masses'!F$3*'Molar Masses'!F$4 -> 0.0041285348 | AS39: =P39/'Molar Masses'!G$3*'Molar Masses'!G$4 -> 0.084142184 | AT39: =Q39/'Molar Masses'!H$3*'Molar Masses'!H$4 -> 0 | AU39: =R39/'Molar Masses'!I$3*'Molar Masses'!I$4 -> 0.11057882 | ... AY39: =V39/'Molar Masses'!M$3*'Molar Masses'!M$4 -> 0 | AZ39: =SUM(AN39:AY39) -> 1.7846683 | BC39: =AN39/$AZ39 -> 0.0073747614 | BD39: =AO39/$AZ39 -> 0.18578135 | BE39: =AP39/$AZ39 -> 0.44578809 | BF39: =AQ39/$AZ39 -> 0.23188953 | BG39: =AR39/$AZ39 -> 0.0023133345 | BH39: =AS39/$AZ39 -> 0.047147239 | BI39: =AT39/$AZ39 -> 0 | BJ39: =AU39/$AZ39 -> 0.061960432 | ... BN39: =AY39/$AZ39 -> 0 | BO39: =SUM(BC39:BN39) -> 1 | BP39: =(1.5-SUMPRODUCT(BC39:BN39,'Molar Masses'!$B$6:$M$6)) * 2 -> 0.01547218 | BR39: =BE39 -> 0.44578809 | BS39: =0.5*(BJ39-(BC39+BT39+BU39)) -> 0.01118311 | BT39: =BG39 -> 0.0023133345 | BU39: =2*BL39 -> 0.029906117 | BV39: =SUM(BS39:BU39)/SUM(BR39:BU39) -> 0.088723203 | BW39: =BJ39-BC39 -> 0.054585671 | BY39: =BJ39-(0.5-BR39) -> 0.0077485187 | BZ39: =BV39/BJ39 -> 1.4319332 | CB39: =BC39/BF39 -> 0.031802907 | CC39: =BC39/BJ39 -> 0.11902372
A40: 5 / 10 . | B40: AZ18_WHT06_CPX_Xenocryst_prof1_rim | D40: xenocryst | I40: AZ18WHT06 Xenocrysts | J40: 44013 | K40: 0.37586 | L40: 13.64319 | M40: 48.42814 | N40: 23.14179 | O40: 0.330834 | P40: 6.017361 | R40: 5.244934 | S40: 0.232737 | T40: 1.999372 | U40: 0.104403 | W40: 99.51862 | X40: 80.16526 | Y40: =(O40/151.99)/((O40/151.99)+(R40/101.96))*100 -> 4.0596287 | AJ40: 22.501999 | AN40: =K40/'Molar Masses'!B$3*'Molar Masses'!B$4 -> 0.012128636 | AO40: =L40/'Molar Masses'!C$3*'Molar Masses'!C$4 -> 0.33850374 | AP40: =M40/'Molar Masses'!D$3*'Molar Masses'!D$4 -> 0.80600323 | AQ40: =N40/'Molar Masses'!E$3*'Molar Masses'!E$4 -> 0.41266116 | AR40: =O40/'Molar Masses'!F$3*'Molar Masses'!F$4 -> 0.0043533654 | AS40: =P40/'Molar Masses'!G$3*'Molar Masses'!G$4 -> 0.083753132 | AT40: =Q40/'Molar Masses'!H$3*'Molar Masses'!H$4 -> 0 | AU40: =R40/'Molar Masses'!I$3*'Molar Masses'!I$4 -> 0.1028809 | ... AY40: =V40/'Molar Masses'!M$3*'Molar Masses'!M$4 -> 0 | AZ40: =SUM(AN40:AY40) -> 1.7900694 | BC40: =AN40/$AZ40 -> 0.0067755117 | BD40: =AO40/$AZ40 -> 0.1891009 | BE40: =AP40/$AZ40 -> 0.45026369 | BF40: =AQ40/$AZ40 -> 0.23052802 | BG40: =AR40/$AZ40 -> 0.0024319534 | BH40: =AS40/$AZ40 -> 0.046787646 | BI40: =AT40/$AZ40 -> 0 | BJ40: =AU40/$AZ40 -> 0.057473134 | ... BN40: =AY40/$AZ40 -> 0 | BO40: =SUM(BC40:BN40) -> 1 | BP40: =(1.5-SUMPRODUCT(BC40:BN40,'Molar Masses'!$B$6:$M$6)) * 2 -> 0.012877155 | BR40: =BE40 -> 0.45026369 | BS40: =0.5*(BJ40-(BC40+BT40+BU40)) -> 0.010147856 | BT40: =BG40 -> 0.0024319534 | BU40: =2*BL40 -> 0.027969957 | BV40: =SUM(BS40:BU40)/SUM(BR40:BU40) -> 0.082617472 | BW40: =BJ40-BC40 -> 0.050697623 | BY40: =BJ40-(0.5-BR40) -> 0.0077368199 | BZ40: =BV40/BJ40 -> 1.4374972 | CB40: =BC40/BF40 -> 0.029391271 | CC40: =BC40/BJ40 -> 0.11789007
A41: 5 / 11 . | B41: AZ18_WHT06_CPX_Xenocryst_prof1_rim | D41: xenocryst | I41: AZ18WHT06 Xenocrysts | J41: 44013 | K41: 0.381998 | L41: 13.85559 | M41: 48.45441 | N41: 23.33249 | O41: 0.421541 | P41: 6.03731 | R41: 5.240903 | S41: 0.233287 | T41: 1.896362 | U41: 0.088078 | W41: 99.94197 | X41: 80.357568 | Y41: =(O41/151.99)/((O41/151.99)+(R41/101.96))*100 -> 5.1194768 | AJ41: 25.003998 | AN41: =K41/'Molar Masses'!B$3*'Molar Masses'!B$4 -> 0.012326703 | AO41: =L41/'Molar Masses'!C$3*'Molar Masses'!C$4 -> 0.34377363 | AP41: =M41/'Molar Masses'!D$3*'Molar Masses'!D$4 -> 0.80644045 | AQ41: =N41/'Molar Masses'!E$3*'Molar Masses'!E$4 -> 0.41606169 | AR41: =O41/'Molar Masses'!F$3*'Molar Masses'!F$4 -> 0.005546957 | AS41: =P41/'Molar Masses'!G$3*'Molar Masses'!G$4 -> 0.084030793 | AT41: =Q41/'Molar Masses'!H$3*'Molar Masses'!H$4 -> 0 | AU41: =R41/'Molar Masses'!I$3*'Molar Masses'!I$4 -> 0.10280183 | ... AY41: =V41/'Molar Masses'!M$3*'Molar Masses'!M$4 -> 0 | AZ41: =SUM(AN41:AY41) -> 1.7992551 | BC41: =AN41/$AZ41 -> 0.0068510036 | BD41: =AO41/$AZ41 -> 0.19106442 | BE41: =AP41/$AZ41 -> 0.44820796 | BF41: =AQ41/$AZ41 -> 0.23124108 | BG41: =AR41/$AZ41 -> 0.0030829186 | BH41: =AS41/$AZ41 -> 0.046703101 | BI41: =AT41/$AZ41 -> 0 | BJ41: =AU41/$AZ41 -> 0.057135771 | ... BN41: =AY41/$AZ41 -> 0 | BO41: =SUM(BC41:BN41) -> 1 | BP41: =(1.5-SUMPRODUCT(BC41:BN41,'Molar Masses'!$B$6:$M$6)) * 2 -> 0.018342126 | BR41: =BE41 -> 0.44820796 | BS41: =0.5*(BJ41-(BC41+BT41+BU41)) -> 0.010404187 | BT41: =BG41 -> 0.0030829186 | BU41: =2*BL41 -> 0.026393474 | BV41: =SUM(BS41:BU41)/SUM(BR41:BU41) -> 0.081707677 | BW41: =BJ41-BC41 -> 0.050284768 | BY41: =BJ41-(0.5-BR41) -> 0.0053437264 | BZ41: =BV41/BJ41 -> 1.4300617 | CB41: =BC41/BF41 -> 0.029627105 | CC41: =BC41/BJ41 -> 0.11990743
A42: 5 / 12 . | B42: AZ18_WHT06_CPX_Xenocryst_prof1_ | D42: xenocryst | I42: AZ18WHT06 Xenocrysts | J42: 44013 | K42: 0.545636 | L42: 15.30752 | M42: 51.00799 | N42: 22.44453 | O42: 0.486805 | P42: 3.910577 | R42: 4.878469 | S42: 0.226711 | T42: 1.154398 | U42: 0.08861 | W42: 100.0512 | X42: 87.465106 | Y42: =(O42/151.99)/((O42/151.99)+(R42/101.96))*100 -> 6.2740252 | AJ42: 27.503998 | AN42: =K42/'Molar Masses'!B$3*'Molar Masses'!B$4 -> 0.017607142 | AO42: =L42/'Molar Masses'!C$3*'Molar Masses'!C$4 -> 0.37979774 | AP42: =M42/'Molar Masses'!D$3*'Molar Masses'!D$4 -> 0.84894041 | AQ42: =N42/'Molar Masses'!E$3*'Molar Masses'!E$4 -> 0.40022771 | AR42: =O42/'Molar Masses'!F$3*'Molar Masses'!F$4 -> 0.0064057504 | AS42: =P42/'Molar Masses'!G$3*'Molar Masses'!G$4 -> 0.054429686 | AT42: =Q42/'Molar Masses'!H$3*'Molar Masses'!H$4 -> 0 | AU42: =R42/'Molar Masses'!I$3*'Molar Masses'!I$4 -> 0.095692581 | ... AY42: =V42/'Molar Masses'!M$3*'Molar Masses'!M$4 -> 0 | AZ42: =SUM(AN42:AY42) -> 1.8219988 | BC42: =AN42/$AZ42 -> 0.0096636409 | BD42: =AO42/$AZ42 -> 0.20845115 | BE42: =AP42/$AZ42 -> 0.46593906 | BF42: =AQ42/$AZ42 -> 0.21966409 | BG42: =AR42/$AZ42 -> 0.0035157819 | BH42: =AS42/$AZ42 -> 0.029873613 | BI42: =AT42/$AZ42 -> 0 | BJ42: =AU42/$AZ42 -> 0.052520661 | ... BN42: =AY42/$AZ42 -> 0 | BO42: =SUM(BC42:BN42) -> 1 | BP42: =(1.5-SUMPRODUCT(BC42:BN42,'Molar Masses'!$B$6:$M$6)) * 2 -> 0.00062296183 | BR42: =BE42 -> 0.46593906 | BS42: =0.5*(BJ42-(BC42+BT42+BU42)) -> 0.011737471 | BT42: =BG42 -> 0.0035157819 | BU42: =2*BL42 -> 0.015866296 | BV42: =SUM(BS42:BU42)/SUM(BR42:BU42) -> 0.062607403 | BW42: =BJ42-BC42 -> 0.04285702 | BY42: =BJ42-(0.5-BR42) -> 0.018459721 | BZ42: =BV42/BJ42 -> 1.1920528 | CB42: =BC42/BF42 -> 0.043992811 | CC42: =BC42/BJ42 -> 0.18399694
... A65: 5 / 35 . | B65: AZ18_WHT06_CPX_Xenocryst_prof1_ | D65: xenocryst | I65: AZ18WHT06 Xenocrysts | J65: 44013 | K65: 0.665739 | L65: 17.04717 | M65: 52.35026 | N65: 22.7607 | O65: 0.48324 | P65: 2.890757 | R65: 4.170944 | S65: 0.220746 | T65: 0.080824 | U65: 0.0724 | W65: 100.7428 | X65: 91.313508 | Y65: =(O65/151.99)/((O65/151.99)+(R65/101.96))*100 -> 7.211683 | AJ65: 152.01102 | AN65: =K65/'Molar Masses'!B$3*'Molar Masses'!B$4 -> 0.021482749 | AO65: =L65/'Molar Masses'!C$3*'Molar Masses'!C$4 -> 0.42296052 | AP65: =M65/'Molar Masses'!D$3*'Molar Masses'!D$4 -> 0.87128018 | AQ65: =N65/'Molar Masses'!E$3*'Molar Masses'!E$4 -> 0.40586561 | AR65: =O65/'Molar Masses'!F$3*'Molar Masses'!F$4 -> 0.0063588394 | AS65: =P65/'Molar Masses'!G$3*'Molar Masses'!G$4 -> 0.040235238 | AT65: =Q65/'Molar Masses'!H$3*'Molar Masses'!H$4 -> 0 | AU65: =R65/'Molar Masses'!I$3*'Molar Masses'!I$4 -> 0.081814273 | ... AY65: =V65/'Molar Masses'!M$3*'Molar Masses'!M$4 -> 0 | AZ65: =SUM(AN65:AY65) -> 1.8551404 | BC65: =AN65/$AZ65 -> 0.01158012 | BD65: =AO65/$AZ65 -> 0.2279938 | BE65: =AP65/$AZ65 -> 0.46965726 | BF65: =AQ65/$AZ65 -> 0.21877891 | BG65: =AR65/$AZ65 -> 0.0034276863 | BH65: =AS65/$AZ65 -> 0.021688513 | BI65: =AT65/$AZ65 -> 0 | BJ65: =AU65/$AZ65 -> 0.04410139 | ... BN65: =AY65/$AZ65 -> 0 | BO65: =SUM(BC65:BN65) -> 1 | BP65: =(1.5-SUMPRODUCT(BC65:BN65,'Molar Masses'!$B$6:$M$6)) * 2 -> 0.018615561 | BR65: =BE65 -> 0.46965726 | BS65: =0.5*(BJ65-(BC65+BT65+BU65)) -> 0.014001284 | BT65: =BG65 -> 0.0034276863 | BU65: =2*BL65 -> 0.0010910172 | BV65: =SUM(BS65:BU65)/SUM(BR65:BU65) -> 0.037937014 | BW65: =BJ65-BC65 -> 0.032521271 | BY65: =BJ65-(0.5-BR65) -> 0.013758655 | BZ65: =BV65/BJ65 -> 0.86022262 | CB65: =BC65/BF65 -> 0.052930695 | CC65: =BC65/BJ65 -> 0.26257947
A66: 6 / 1 . | B66: PMR53_CPX_STD_2 | D66: standard | I66: PMR53 | J66: 44013 | K66: 2.169122 | L66: 18.19469 | M66: 54.23474 | N66: 13.9872 | O66: 0.182685 | P66: 7.234932 | R66: 2.934286 | S66: 0.128628 | T66: 0.373362 | U66: 0.157785 | W66: 99.59742 | X66: 81.761511 | Y66: =(O66/151.99)/((O66/151.99)+(R66/101.96))*100 -> 4.0090861 | AN66: =K66/'Molar Masses'!B$3*'Molar Masses'!B$4 -> 0.069995453 | AO66: =L66/'Molar Masses'!C$3*'Molar Masses'!C$4 -> 0.45143185 | AP66: =M66/'Molar Masses'!D$3*'Molar Masses'!D$4 -> 0.90264412 | AQ66: =N66/'Molar Masses'!E$3*'Molar Masses'!E$4 -> 0.24941779 | AR66: =O66/'Molar Masses'!F$3*'Molar Masses'!F$4 -> 0.0024039082 | AS66: =P66/'Molar Masses'!G$3*'Molar Masses'!G$4 -> 0.10069999 | AT66: =Q66/'Molar Masses'!H$3*'Molar Masses'!H$4 -> 0 | AU66: =R66/'Molar Masses'!I$3*'Molar Masses'!I$4 -> 0.057556869 | ... AY66: =V66/'Molar Masses'!M$3*'Molar Masses'!M$4 -> 0 | AZ66: =SUM(AN66:AY66) -> 1.8428616 | BC66: =AN66/$AZ66 -> 0.037981938 | BD66: =AO66/$AZ66 -> 0.24496244 | BE66: =AP66/$AZ66 -> 0.48980571 | BF66: =AQ66/$AZ66 -> 0.13534266 | BG66: =AR66/$AZ66 -> 0.0013044432 | BH66: =AS66/$AZ66 -> 0.054643276 | BI66: =AT66/$AZ66 -> 0 | BJ66: =AU66/$AZ66 -> 0.031232335 | ... BN66: =AY66/$AZ66 -> 0 | BO66: =SUM(BC66:BN66) -> 1 | BP66: =(1.5-SUMPRODUCT(BC66:BN66,'Molar Masses'!$B$6:$M$6)) * 2 -> 0.017809802 | BR66: =BE66 -> 0.48980571 | BS66: =0.5*(BJ66-(BC66+BT66+BU66)) -> -0.0065637605 | BT66: =BG66 -> 0.0013044432 | BU66: =2*BL66 -> 0.0050734743 | BY66: =BJ66-(0.5-BR66) -> 0.021038048 | BZ66: =BV66/BJ66 -> 0 | CB66: =BC66/BF66 -> 0.28063537 | CC66: =BC66/BJ66 -> 1.2161095
A67: 7 / 1 . | B67: AZ18_WHT06_MP_CPX2_1 | D67: MP | I67: AZ18WHT06 | J67: 44013 | K67: 0.643813 | L67: 14.53799 | M67: 47.6915 | N67: 21.95178 | O67: 1.851926 | P67: 2.706468 | R67: 9.085228 | S67: 0.206413 | T67: 0.17641 | U67: 0.048467 | V67: 0.045358 | W67: 98.94534 | X67: 90.543982 | Y67: =(O67/151.99)/((O67/151.99)+(R67/101.96))*100 -> 12.029307 | AN67: =K67/'Molar Masses'!B$3*'Molar Masses'!B$4 -> 0.020775218 | AO67: =L67/'Molar Masses'!C$3*'Molar Masses'!C$4 -> 0.36070479 | AP67: =M67/'Molar Masses'!D$3*'Molar Masses'!D$4 -> 0.79374312 | AQ67: =N67/'Molar Masses'!E$3*'Molar Masses'!E$4 -> 0.39144106 | AR67: =O67/'Molar Masses'!F$3*'Molar Masses'!F$4 -> 0.024369051 | AS67: =P67/'Molar Masses'!G$3*'Molar Masses'!G$4 -> 0.037670196 | AT67: =Q67/'Molar Masses'!H$3*'Molar Masses'!H$4 -> 0 | AU67: =R67/'Molar Masses'!I$3*'Molar Masses'!I$4 -> 0.17820938 | ... AY67: =V67/'Molar Masses'!M$3*'Molar Masses'!M$4 -> 0.00060726067 | AZ67: =SUM(AN67:AY67) -> 1.8133206 | BC67: =AN67/$AZ67 -> 0.011457002 | BD67: =AO67/$AZ67 -> 0.19891948 | BE67: =AP67/$AZ67 -> 0.43772906 | BF67: =AQ67/$AZ67 -> 0.21586975 | BG67: =AR67/$AZ67 -> 0.013438909 | BH67: =AS67/$AZ67 -> 0.020774151 | BI67: =AT67/$AZ67 -> 0 | BJ67: =AU67/$AZ67 -> 0.09827792 | ... BN67: =AY67/$AZ67 -> 0.00033488875 | BO67: =SUM(BC67:BN67) -> 1 | BP67: =(1.5-SUMPRODUCT(BC67:BN67,'Molar Masses'!$B$6:$M$6)) * 2 -> 0.017034011 | BR67: =BE67 -> 0.43772906 | BS67: =0.5*(BJ67-(BC67+BT67+BU67)) -> 0.035472894 | BT67: =BG67 -> 0.013438909 | BU67: =2*BL67 -> 0.0024362209 | BV67: =SUM(BS67:BU67)/SUM(BR67:BU67) -> 0.10498963 | BW67: =BJ67-BC67 -> 0.086820917 | BY67: =BJ67-(0.5-BR67) -> 0.036006983 | BZ67: =BV67/BJ67 -> 1.0682932 | CB67: =BC67/BF67 -> 0.053073681 | CC67: =BC67/BJ67 -> 0.11657758
A68: 8 / 1 . | B68: AZ18_WHT06_MP_CPX1_1 | D68: MP | I68: AZ18WHT06 | J68: 44013 | K68: 0.568491 | L68: 15.28403 | M68: 49.48324 | N68: 22.95823 | O68: 1.302042 | P68: 2.516695 | R68: 7.264393 | S68: 0.22045 | T68: 0.117938 | U68: 0.046807 | V68: 0.060244 | W68: 99.82256 | X68: 91.543864 | Y68: =(O68/151.99)/((O68/151.99)+(R68/101.96))*100 -> 10.733227 | AN68: =K68/'Molar Masses'!B$3*'Molar Masses'!B$4 -> 0.018344651 | AO68: =L68/'Molar Masses'!C$3*'Molar Masses'!C$4 -> 0.37921492 | AP68: =M68/'Molar Masses'!D$3*'Molar Masses'!D$4 -> 0.82356356 | AQ68: =N68/'Molar Masses'!E$3*'Molar Masses'!E$4 -> 0.40938794 | AR68: =O68/'Molar Masses'!F$3*'Molar Masses'!F$4 -> 0.017133259 | AS68: =P68/'Molar Masses'!G$3*'Molar Masses'!G$4 -> 0.035028825 | AT68: =Q68/'Molar Masses'!H$3*'Molar Masses'!H$4 -> 0 | AU68: =R68/'Molar Masses'!I$3*'Molar Masses'!I$4 -> 0.14249317 | ... AY68: =V68/'Molar Masses'!M$3*'Molar Masses'!M$4 -> 0.00080655699 | AZ68: =SUM(AN68:AY68) -> 1.8312157 | BC68: =AN68/$AZ68 -> 0.010017745 | BD68: =AO68/$AZ68 -> 0.20708371 | BE68: =AP68/$AZ68 -> 0.44973597 | BF68: =AQ68/$AZ68 -> 0.22356075 | BG68: =AR68/$AZ68 -> 0.0093562212 | BH68: =AS68/$AZ68 -> 0.019128728 | BI68: =AT68/$AZ68 -> 0 | BJ68: =AU68/$AZ68 -> 0.077813429 | ... BN68: =AY68/$AZ68 -> 0.00044044894 | BO68: =SUM(BC68:BN68) -> 1 | BP68: =(1.5-SUMPRODUCT(BC68:BN68,'Molar Masses'!$B$6:$M$6)) * 2 -> 0.016674519 | BR68: =BE68 -> 0.44973597 | BS68: =0.5*(BJ68-(BC68+BT68+BU68)) -> 0.028413328 | BT68: =BG68 -> 0.0093562212 | BU68: =2*BL68 -> 0.0016128067 | BV68: =SUM(BS68:BU68)/SUM(BR68:BU68) -> 0.080517032 | BW68: =BJ68-BC68 -> 0.067795685 | BY68: =BJ68-(0.5-BR68) -> 0.027549404 | BZ68: =BV68/BJ68 -> 1.0347447 | CB68: =BC68/BF68 -> 0.044809944 | CC68: =BC68/BJ68 -> 0.12874056
A69: 9 / 1 . | B69: AZ18_WHT06_cpx3_rim_nearMP_SIMSspots_1 | D69: Primary | I69: AZ18WHT06 | J69: 44013 | K69: 0.311101 | L69: 17.20807 | M69: 53.07134 | N69: 23.35488 | O69: 0.475754 | P69: 2.529513 | R69: 3.154902 | S69: 0.217557 | T69: 0.035809 | U69: 0.080691 | V69: 0.072334 | W69: 100.5119 | X69: 92.38198 | Y69: =(O69/151.99)/((O69/151.99)+(R69/101.96))*100 -> 9.1867252 | AN69: =K69/'Molar Masses'!B$3*'Molar Masses'!B$4 -> 0.010038926 | AO69: =L69/'Molar Masses'!C$3*'Molar Masses'!C$4 -> 0.42695264 | AP69: =M69/'Molar Masses'!D$3*'Molar Masses'!D$4 -> 0.88328132 | AQ69: =N69/'Molar Masses'!E$3*'Molar Masses'!E$4 -> 0.41646095 | AR69: =O69/'Molar Masses'!F$3*'Molar Masses'!F$4 -> 0.0062603329 | AS69: =P69/'Molar Masses'!G$3*'Molar Masses'!G$4 -> 0.035207234 | AT69: =Q69/'Molar Masses'!H$3*'Molar Masses'!H$4 -> 0 | AU69: =R69/'Molar Masses'!I$3*'Molar Masses'!I$4 -> 0.061884315 | ... AY69: =V69/'Molar Masses'!M$3*'Molar Masses'!M$4 -> 0.00096841998 | AZ69: =SUM(AN69:AY69) -> 1.8457055 | BC69: =AN69/$AZ69 -> 0.0054390726 | BD69: =AO69/$AZ69 -> 0.23132219 | BE69: =AP69/$AZ69 -> 0.47856028 | BF69: =AQ69/$AZ69 -> 0.22563781 | BG69: =AR69/$AZ69 -> 0.0033918374 | BH69: =AS69/$AZ69 -> 0.019075218 | BI69: =AT69/$AZ69 -> 0 | BJ69: =AU69/$AZ69 -> 0.033528814 | ... BN69: =AY69/$AZ69 -> 0.00052468825 | BO69: =SUM(BC69:BN69) -> 1 | BP69: =(1.5-SUMPRODUCT(BC69:BN69,'Molar Masses'!$B$6:$M$6)) * 2 -> 0.0059294105 | BR69: =BE69 -> 0.47856028 | BS69: =0.5*(BJ69-(BC69+BT69+BU69)) -> 0.012106029 | BT69: =BG69 -> 0.0033918374 | BU69: =2*BL69 -> 0.00048584513 | BV69: =SUM(BS69:BU69)/SUM(BR69:BU69) -> 0.032320101 | BW69: =BJ69-BC69 -> 0.028089741 | BY69: =BJ69-(0.5-BR69) -> 0.01208909 | BZ69: =BV69/BJ69 -> 0.96395004 | CB69: =BC69/BF69 -> 0.024105324 | CC69: =BC69/BJ69 -> 0.16222085
A70: 10 / 1 . | B70: AZ18_WHT06_cpx3_core_ | D70: Primary | I70: AZ18WHT06 | J70: 44013 | K70: 0.295797 | L70: 17.37505 | M70: 52.81239 | N70: 23.46762 | O70: 0.306655 | P70: 2.488429 | R70: 2.978995 | S70: 0.236144 | T70: 0.038862 | U70: 0.093813 | V70: 0.044136 | W70: 100.1379 | X70: 92.563173 | Y70: =(O70/151.99)/((O70/151.99)+(R70/101.96))*100 -> 6.4594426 | AN70: =K70/'Molar Masses'!B$3*'Molar Masses'!B$4 -> 0.009545081 | AO70: =L70/'Molar Masses'!C$3*'Molar Masses'!C$4 -> 0.43109561 | AP70: =M70/'Molar Masses'!D$3*'Molar Masses'!D$4 -> 0.87897154 | AQ70: =N70/'Molar Masses'!E$3*'Molar Masses'!E$4 -> 0.41847131 | AR70: =O70/'Molar Masses'!F$3*'Molar Masses'!F$4 -> 0.0040351997 | AS70: =P70/'Molar Masses'!G$3*'Molar Masses'!G$4 -> 0.034635403 | AT70: =Q70/'Molar Masses'!H$3*'Molar Masses'!H$4 -> 0 | AU70: =R70/'Molar Masses'!I$3*'Molar Masses'!I$4 -> 0.058433849 | ... AY70: =V70/'Molar Masses'!M$3*'Molar Masses'!M$4 -> 0.00059090033 | AZ70: =SUM(AN70:AY70) -> 1.8409153 | BC70: =AN70/$AZ70 -> 0.0051849646 | BD70: =AO70/$AZ70 -> 0.2341746 | BE70: =AP70/$AZ70 -> 0.4774644 | BF70: =AQ70/$AZ70 -> 0.22731698 | BG70: =AR70/$AZ70 -> 0.0021919529 | BH70: =AS70/$AZ70 -> 0.018814229 | BI70: =AT70/$AZ70 -> 0 | BJ70: =AU70/$AZ70 -> 0.031741736 | ... BN70: =AY70/$AZ70 -> 0.0003209818 | BO70: =SUM(BC70:BN70) -> 1 | BP70: =(1.5-SUMPRODUCT(BC70:BN70,'Molar Masses'!$B$6:$M$6)) * 2 -> 0.010371456 | BR70: =BE70 -> 0.4774644 | BS70: =0.5*(BJ70-(BC70+BT70+BU70)) -> 0.01191809 | BT70: =BG70 -> 0.0021919529 | BU70: =2*BL70 -> 0.00052863923 | BV70: =SUM(BS70:BU70)/SUM(BR70:BU70) -> 0.029747185 | BW70: =BJ70-BC70 -> 0.026556771 | BY70: =BJ70-(0.5-BR70) -> 0.0092061386 | BZ70: =BV70/BJ70 -> 0.93716316 | CB70: =BC70/BF70 -> 0.022809403 | CC70: =BC70/BJ70 -> 0.16334849
A71: 12 / 1 . | B71: AZ18_WHT06_MP_CPX3 | D71: MP | I71: AZ18WHT06 | J71: 44013 | K71: 0.460368 | L71: 15.63832 | M71: 50.20935 | N71: 22.52987 | O71: 1.361927 | P71: 2.648087 | R71: 6.622617 | S71: 0.228988 | T71: 0.129802 | U71: 0.04228 | V71: 0.063557 | W71: 99.93517 | X71: 91.324767 | Y71: =(O71/151.99)/((O71/151.99)+(R71/101.96))*100 -> 12.123101 | AN71: =K71/'Molar Masses'!B$3*'Molar Masses'!B$4 -> 0.014855627 | AO71: =L71/'Molar Masses'!C$3*'Molar Masses'!C$4 -> 0.38800528 | AP71: =M71/'Molar Masses'!D$3*'Molar Masses'!D$4 -> 0.83564841 | AQ71: =N71/'Molar Masses'!E$3*'Molar Masses'!E$4 -> 0.40174948 | AR71: =O71/'Molar Masses'!F$3*'Molar Masses'!F$4 -> 0.017921271 | AS71: =P71/'Molar Masses'!G$3*'Molar Masses'!G$4 -> 0.036857616 | AT71: =Q71/'Molar Masses'!H$3*'Molar Masses'!H$4 -> 0 | AU71: =R71/'Molar Masses'!I$3*'Molar Masses'!I$4 -> 0.12990455 | ... AY71: =V71/'Molar Masses'!M$3*'Molar Masses'!M$4 -> 0.000850912 | AZ71: =SUM(AN71:AY71) -> 1.831241 | BC71: =AN71/$AZ71 -> 0.0081123277 | BD71: =AO71/$AZ71 -> 0.21188106 | BE71: =AP71/$AZ71 -> 0.45632903 | BF71: =AQ71/$AZ71 -> 0.21938647 | BG71: =AR71/$AZ71 -> 0.009786408 | BH71: =AS71/$AZ71 -> 0.020127125 | BI71: =AT71/$AZ71 -> 0 | BJ71: =AU71/$AZ71 -> 0.070937987 | ... BN71: =AY71/$AZ71 -> 0.00046466414 | BO71: =SUM(BC71:BN71) -> 1 | BP71: =(1.5-SUMPRODUCT(BC71:BN71,'Molar Masses'!$B$6:$M$6)) * 2 -> 0.0076690121 | BR71: =BE71 -> 0.45632903 | BS71: =0.5*(BJ71-(BC71+BT71+BU71)) -> 0.025632114 | BT71: =BG71 -> 0.009786408 | BU71: =2*BL71 -> 0.0017750229 | BV71: =SUM(BS71:BU71)/SUM(BR71:BU71) -> 0.075363412 | BW71: =BJ71-BC71 -> 0.06282566 | BY71: =BJ71-(0.5-BR71) -> 0.027267018 | BZ71: =BV71/BJ71 -> 1.0623844 | CB71: =BC71/BF71 -> 0.036977339 | CC71: =BC71/BJ71 -> 0.11435802
A72: 14 / 1 . | B72: AZ18_WHT06_MP_CPX4_ | D72: MP | I72: AZ18WHT06 | J72: 44013 | K72: 0.673446 | L72: 14.70246 | M72: 47.29548 | N72: 21.97146 | O72: 1.898817 | P72: 2.800311 | R72: 8.810968 | S72: 0.220584 | T72: 0.121771 | U72: 0.045512 | V72: 0.047051 | W72: 98.58786 | X72: 90.346645 | Y72: =(O72/151.99)/((O72/151.99)+(R72/101.96))*100 -> 12.630846 | AN72: =K72/'Molar Masses'!B$3*'Molar Masses'!B$4 -> 0.021731446 | AO72: =L72/'Molar Masses'!C$3*'Molar Masses'!C$4 -> 0.36478548 | AP72: =M72/'Molar Masses'!D$3*'Molar Masses'!D$4 -> 0.78715205 | AQ72: =N72/'Molar Masses'!E$3*'Molar Masses'!E$4 -> 0.39179199 | AR72: =O72/'Molar Masses'!F$3*'Molar Masses'!F$4 -> 0.024986078 | AS72: =P72/'Molar Masses'!G$3*'Molar Masses'!G$4 -> 0.038976358 | AT72: =Q72/'Molar Masses'!H$3*'Molar Masses'!H$4 -> 0 | AU72: =R72/'Molar Masses'!I$3*'Molar Masses'!I$4 -> 0.17282969 | ... AY72: =V72/'Molar Masses'!M$3*'Molar Masses'!M$4 -> 0.00062992685 | AZ72: =SUM(AN72:AY72) -> 1.8081574 | BC72: =AN72/$AZ72 -> 0.012018559 | BD72: =AO72/$AZ72 -> 0.20174432 | BE72: =AP72/$AZ72 -> 0.4353338 | BF72: =AQ72/$AZ72 -> 0.21668025 | BG72: =AR72/$AZ72 -> 0.01381853 | BH72: =AS72/$AZ72 -> 0.021555843 | BI72: =AT72/$AZ72 -> 0 | BJ72: =AU72/$AZ72 -> 0.095583318 | ... BN72: =AY72/$AZ72 -> 0.00034838053 | BO72: =SUM(BC72:BN72) -> 1 | BP72: =(1.5-SUMPRODUCT(BC72:BN72,'Molar Masses'!$B$6:$M$6)) * 2 -> 0.025105796 | BR72: =BE72 -> 0.4353338 | BS72: =0.5*(BJ72-(BC72+BT72+BU72)) -> 0.034029885 | BT72: =BG72 -> 0.01381853 | BU72: =2*BL72 -> 0.0016864586 | BV72: =SUM(BS72:BU72)/SUM(BR72:BU72) -> 0.10216142 | BW72: =BJ72-BC72 -> 0.083564759 | BY72: =BJ72-(0.5-BR72) -> 0.030917123 | BZ72: =BV72/BJ72 -> 1.0688206 | CB72: =BC72/BF72 -> 0.055466795 | CC72: =BC72/BJ72 -> 0.12573908
A73: 15 / 1 . | B73: AZ18_WHT01_01_Ext1_CPX2_prof | D73: Primary | I73: AZ18WHT1 | J73: 44013 | K73: 0.583291 | L73: 16.19042 | M73: 51.78815 | N73: 22.30663 | O73: 0.622135 | P73: 3.214482 | R73: 4.775655 | S73: 0.226098 | T73: 0.568357 | U73: 0.076415 | V73: 0.095757 | W73: 100.4474 | X73: 89.978312 | Y73: =(O73/151.99)/((O73/151.99)+(R73/101.96))*100 -> 8.036756 | AJ73: 0 | AN73: =K73/'Molar Masses'!B$3*'Molar Masses'!B$4 -> 0.018822232 | AO73: =L73/'Molar Masses'!C$3*'Molar Masses'!C$4 -> 0.40170354 | AP73: =M73/'Molar Masses'!D$3*'Molar Masses'!D$4 -> 0.86192483 | AQ73: =N73/'Molar Masses'!E$3*'Molar Masses'!E$4 -> 0.3977687 | AR73: =O73/'Molar Masses'!F$3*'Molar Masses'!F$4 -> 0.0081865254 | AS73: =P73/'Molar Masses'!G$3*'Molar Masses'!G$4 -> 0.044741031 | AT73: =Q73/'Molar Masses'!H$3*'Molar Masses'!H$4 -> 0 | AU73: =R73/'Molar Masses'!I$3*'Molar Masses'!I$4 -> 0.093675854 | ... AY73: =V73/'Molar Masses'!M$3*'Molar Masses'!M$4 -> 0.0012820111 | AZ73: =SUM(AN73:AY73) -> 1.8394841 | BC73: =AN73/$AZ73 -> 0.010232343 | BD73: =AO73/$AZ73 -> 0.21837836 | BE73: =AP73/$AZ73 -> 0.46856877 | BF73: =AQ73/$AZ73 -> 0.21623927 | BG73: =AR73/$AZ73 -> 0.0044504463 | BH73: =AS73/$AZ73 -> 0.024322597 | BI73: =AT73/$AZ73 -> 0 | BJ73: =AU73/$AZ73 -> 0.050925068 | ... BN73: =AY73/$AZ73 -> 0.00069694056 | BO73: =SUM(BC73:BN73) -> 1 | BP73: =(1.5-SUMPRODUCT(BC73:BN73,'Molar Masses'!$B$6:$M$6)) * 2 -> 0.0047861776 | BR73: =BE73 -> 0.46856877 | BS73: =0.5*(BJ73-(BC73+BT73+BU73)) -> 0.014252455 | BT73: =BG73 -> 0.0044504463 | BU73: =2*BL73 -> 0.0077373675 | BV73: =SUM(BS73:BU73)/SUM(BR73:BU73) -> 0.05341371 | BW73: =BJ73-BC73 -> 0.040692725 | BY73: =BJ73-(0.5-BR73) -> 0.019493841 | BZ73: =BV73/BJ73 -> 1.0488687 | CB73: =BC73/BF73 -> 0.047319541 | CC73: =BC73/BJ73 -> 0.20092939
A74: 15 / 2 . | B74: AZ18_WHT01_01_Ext1_CPX2_prof | D74: Primary | I74: AZ18WHT1 | J74: 44013 | K74: 0.510736 | L74: 16.66675 | M74: 52.34621 | N74: 22.50028 | O74: 0.589778 | P74: 3.029667 | R74: 4.095497 | S74: 0.231835 | T74: 0.321999 | U74: 0.091955 | V74: 0.050045 | W74: 100.4348 | X74: 90.746154 | Y74: =(O74/151.99)/((O74/151.99)+(R74/101.96))*100 -> 8.8094095 | AJ74: 5 | AN74: =K74/'Molar Masses'!B$3*'Molar Masses'!B$4 -> 0.016480953 | AO74: =L74/'Molar Masses'!C$3*'Molar Masses'!C$4 -> 0.41352185 | AP74: =M74/'Molar Masses'!D$3*'Molar Masses'!D$4 -> 0.87121278 | AQ74: =N74/'Molar Masses'!E$3*'Molar Masses'!E$4 -> 0.40122184 | AR74: =O74/'Molar Masses'!F$3*'Molar Masses'!F$4 -> 0.0077607474 | AS74: =P74/'Molar Masses'!G$3*'Molar Masses'!G$4 -> 0.042168668 | AT74: =Q74/'Molar Masses'!H$3*'Molar Masses'!H$4 -> 0 | AU74: =R74/'Molar Masses'!I$3*'Molar Masses'!I$4 -> 0.080334358 | ... AY74: =V74/'Molar Masses'!M$3*'Molar Masses'!M$4 -> 0.00067001103 | AZ74: =SUM(AN74:AY74) -> 1.8419659 | BC74: =AN74/$AZ74 -> 0.00894748 | BD74: =AO74/$AZ74 -> 0.22450027 | BE74: =AP74/$AZ74 -> 0.47297987 | BF74: =AQ74/$AZ74 -> 0.21782262 | BG74: =AR74/$AZ74 -> 0.0042132959 | BH74: =AS74/$AZ74 -> 0.022893295 | BI74: =AT74/$AZ74 -> 0 | BJ74: =AU74/$AZ74 -> 0.04361338 | ... BN74: =AY74/$AZ74 -> 0.0003637478 | BO74: =SUM(BC74:BN74) -> 1 | BP74: =(1.5-SUMPRODUCT(BC74:BN74,'Molar Masses'!$B$6:$M$6)) * 2 -> 0.0054630289 | BR74: =BE74 -> 0.47297987 | BS74: =0.5*(BJ74-(BC74+BT74+BU74)) -> 0.013037477 | BT74: =BG74 -> 0.0042132959 | BU74: =2*BL74 -> 0.0043776496 | BV74: =SUM(BS74:BU74)/SUM(BR74:BU74) -> 0.043728387 | BW74: =BJ74-BC74 -> 0.0346659 | BY74: =BJ74-(0.5-BR74) -> 0.016593245 | BZ74: =BV74/BJ74 -> 1.002637 | CB74: =BC74/BF74 -> 0.041076909 | CC74: =BC74/BJ74 -> 0.20515447
A75: 15 / 3 . | B75: AZ18_WHT01_01_Ext1_CPX2_prof | D75: Primary | I75: AZ18WHT1 | J75: 44013 | K75: 0.520453 | L75: 16.39326 | M75: 52.30083 | N75: 22.20658 | O75: 0.555986 | P75: 3.104538 | R75: 4.107673 | S75: 0.229408 | T75: 0.322465 | U75: 0.095001 | V75: 0.078829 | W75: 99.91502 | X75: 90.396431 | Y75: =(O75/151.99)/((O75/151.99)+(R75/101.96))*100 -> 8.3241123 | AJ75: 9.9729267 | AN75: =K75/'Molar Masses'!B$3*'Molar Masses'!B$4 -> 0.016794511 | AO75: =L75/'Molar Masses'!C$3*'Molar Masses'!C$4 -> 0.40673624 | AP75: =M75/'Molar Masses'!D$3*'Molar Masses'!D$4 -> 0.87045751 | AQ75: =N75/'Molar Masses'!E$3*'Molar Masses'!E$4 -> 0.39598462 | AR75: =O75/'Molar Masses'!F$3*'Molar Masses'!F$4 -> 0.0073160866 | AS75: =P75/'Molar Masses'!G$3*'Molar Masses'!G$4 -> 0.043210766 | AT75: =Q75/'Molar Masses'!H$3*'Molar Masses'!H$4 -> 0 | AU75: =R75/'Molar Masses'!I$3*'Molar Masses'!I$4 -> 0.080573194 | ... AY75: =V75/'Molar Masses'!M$3*'Molar Masses'!M$4 -> 0.0010553762 | AZ75: =SUM(AN75:AY75) -> 1.8307376 | BC75: =AN75/$AZ75 -> 0.0091736312 | BD75: =AO75/$AZ75 -> 0.2221707 | BE75: =AP75/$AZ75 -> 0.47546821 | BF75: =AQ75/$AZ75 -> 0.21629786 | BG75: =AR75/$AZ75 -> 0.0039962509 | BH75: =AS75/$AZ75 -> 0.023602928 | BI75: =AT75/$AZ75 -> 0 | BJ75: =AU75/$AZ75 -> 0.044011329 | ... BN75: =AY75/$AZ75 -> 0.00057647594 | BO75: =SUM(BC75:BN75) -> 1 | BP75: =(1.5-SUMPRODUCT(BC75:BN75,'Molar Masses'!$B$6:$M$6)) * 2 -> 0.00052177625 | BR75: =BE75 -> 0.47546821 | BS75: =0.5*(BJ75-(BC75+BT75+BU75)) -> 0.013215287 | BT75: =BG75 -> 0.0039962509 | BU75: =2*BL75 -> 0.004410873 | BV75: =SUM(BS75:BU75)/SUM(BR75:BU75) -> 0.043497926 | BW75: =BJ75-BC75 -> 0.034837698 | BY75: =BJ75-(0.5-BR75) -> 0.019479537 | BZ75: =BV75/BJ75 -> 0.98833475 | CB75: =BC75/BF75 -> 0.042412029 | CC75: =BC75/BJ75 -> 0.20843795
A76: 15 / 4 . | B76: AZ18_WHT01_01_Ext1_CPX2_prof | D76: Primary | I76: AZ18WHT1 | J76: 44013 | K76: 0.541449 | L76: 16.55498 | M76: 53.00728 | N76: 21.85808 | O76: 0.589792 | P76: 2.94592 | R76: 4.10215 | S76: 0.237091 | T76: 0.325513 | U76: 0.101051 | V76: 0.058963 | W76: 100.3223 | X76: 90.923502 | Y76: =(O76/151.99)/((O76/151.99)+(R76/101.96))*100 -> 8.7965693 | AJ76: 14.945853 | AN76: =K76/'Molar Masses'!B$3*'Molar Masses'!B$4 -> 0.017472032 | AO76: =L76/'Molar Masses'!C$3*'Molar Masses'!C$4 -> 0.4107487 | AP76: =M76/'Molar Masses'!D$3*'Molar Masses'!D$4 -> 0.88221515 | AQ76: =N76/'Molar Masses'!E$3*'Molar Masses'!E$4 -> 0.38977022 | AR76: =O76/'Molar Masses'!F$3*'Molar Masses'!F$4 -> 0.0077609316 | AS76: =P76/'Molar Masses'!G$3*'Molar Masses'!G$4 -> 0.041003029 | AT76: =Q76/'Molar Masses'!H$3*'Molar Masses'!H$4 -> 0 | AU76: =R76/'Molar Masses'!I$3*'Molar Masses'!I$4 -> 0.080464859 | ... AY76: =V76/'Molar Masses'!M$3*'Molar Masses'!M$4 -> 0.00078940674 | AZ76: =SUM(AN76:AY76) -> 1.8390653 | BC76: =AN76/$AZ76 -> 0.0095004955 | BD76: =AO76/$AZ76 -> 0.22334645 | BE76: =AP76/$AZ76 -> 0.47970844 | BF76: =AQ76/$AZ76 -> 0.2119393 | BG76: =AR76/$AZ76 -> 0.0042200414 | BH76: =AS76/$AZ76 -> 0.022295581 | BI76: =AT76/$AZ76 -> 0 | BJ76: =AU76/$AZ76 -> 0.043753128 | ... BN76: =AY76/$AZ76 -> 0.00042924345 | BO76: =SUM(BC76:BN76) -> 1 | BP76: =(1.5-SUMPRODUCT(BC76:BN76,'Molar Masses'!$B$6:$M$6)) * 2 -> -0.0077715606 | BR76: =BE76 -> 0.47970844 | BS76: =0.5*(BJ76-(BC76+BT76+BU76)) -> 0.012800094 | BT76: =BG76 -> 0.0042200414 | BU76: =2*BL76 -> 0.0044324031 | BV76: =SUM(BS76:BU76)/SUM(BR76:BU76) -> 0.042805683 | BW76: =BJ76-BC76 -> 0.034252632 | BY76: =BJ76-(0.5-BR76) -> 0.023461571 | BZ76: =BV76/BJ76 -> 0.97834568 | CB76: =BC76/BF76 -> 0.044826492 | CC76: =BC76/BJ76 -> 0.21713866
A77: 15 / 5 . | B77: AZ18_WHT01_01_Ext1_CPX2_prof | D77: Primary | I77: AZ18WHT1 | J77: 44013 | K77: 0.525663 | L77: 16.56567 | M77: 52.45621 | N77: 22.61554 | O77: 0.572087 | P77: 2.938477 | R77: 4.060566 | S77: 0.224939 | T77: 0.315281 | U77: 0.095213 | V77: 0.037577 | W77: 100.4072 | X77: 90.949672 | Y77: =(O77/151.99)/((O77/151.99)+(R77/101.96))*100 -> 8.6351423 | AJ77: 20.04193 | AN77: =K77/'Molar Masses'!B$3*'Molar Masses'!B$4 -> 0.016962633 | AO77: =L77/'Molar Masses'!C$3*'Molar Masses'!C$4 -> 0.41101393 | AP77: =M77/'Molar Masses'!D$3*'Molar Masses'!D$4 -> 0.87304354 | AQ77: =N77/'Molar Masses'!E$3*'Molar Masses'!E$4 -> 0.40327714 | AR77: =O77/'Molar Masses'!F$3*'Molar Masses'!F$4 -> 0.0075279558 | AS77: =P77/'Molar Masses'!G$3*'Molar Masses'!G$4 -> 0.040899433 | AT77: =Q77/'Molar Masses'!H$3*'Molar Masses'!H$4 -> 0 | AU77: =R77/'Molar Masses'!I$3*'Molar Masses'!I$4 -> 0.079649177 | ... AY77: =V77/'Molar Masses'!M$3*'Molar Masses'!M$4 -> 0.00050308731 | AZ77: =SUM(AN77:AY77) -> 1.8413362 | BC77: =AN77/$AZ77 -> 0.0092121322 | BD77: =AO77/$AZ77 -> 0.22321504 | BE77: =AP77/$AZ77 -> 0.47413586 | BF77: =AQ77/$AZ77 -> 0.21901331 | BG77: =AR77/$AZ77 -> 0.0040883113 | BH77: =AS77/$AZ77 -> 0.022211822 | BI77: =AT77/$AZ77 -> 0 | BJ77: =AU77/$AZ77 -> 0.043256183 | ... BN77: =AY77/$AZ77 -> 0.0002732186 | BO77: =SUM(BC77:BN77) -> 1 | BP77: =(1.5-SUMPRODUCT(BC77:BN77,'Molar Masses'!$B$6:$M$6)) * 2 -> 0.0041442278 | BR77: =BE77 -> 0.47413586 | BS77: =0.5*(BJ77-(BC77+BT77+BU77)) -> 0.012833978 | BT77: =BG77 -> 0.0040883113 | BU77: =2*BL77 -> 0.0042877827 | BV77: =SUM(BS77:BU77)/SUM(BR77:BU77) -> 0.042818707 | BW77: =BJ77-BC77 -> 0.034044051 | BY77: =BJ77-(0.5-BR77) -> 0.017392045 | BZ77: =BV77/BJ77 -> 0.98988639 | CB77: =BC77/BF77 -> 0.042061975 | CC77: =BC77/BJ77 -> 0.21296683
A78: 15 / 6 . | B78: AZ18_WHT01_01_Ext1_CPX2_prof | D78: Primary | I78: AZ18WHT1 | J78: 44013 | K78: 0.540467 | L78: 16.59044 | M78: 52.44238 | N78: 22.36298 | O78: 0.562354 | P78: 3.073103 | R78: 4.072171 | S78: 0.235109 | T78: 0.326865 | U78: 0.078128 | V78: 0.062625 | W78: 100.3466 | X78: 90.586858 | Y78: =(O78/151.99)/((O78/151.99)+(R78/101.96))*100 -> 8.4785482 | AJ78: 25.014857 | AN78: =K78/'Molar Masses'!B$3*'Molar Masses'!B$4 -> 0.017440343 | AO78: =L78/'Molar Masses'!C$3*'Molar Masses'!C$4 -> 0.41162851 | AP78: =M78/'Molar Masses'!D$3*'Molar Masses'!D$4 -> 0.87281336 | AQ78: =N78/'Molar Masses'!E$3*'Molar Masses'!E$4 -> 0.39877352 | AR78: =O78/'Molar Masses'!F$3*'Molar Masses'!F$4 -> 0.0073998816 | AS78: =P78/'Molar Masses'!G$3*'Molar Masses'!G$4 -> 0.042773236 | AT78: =Q78/'Molar Masses'!H$3*'Molar Masses'!H$4 -> 0 | AU78: =R78/'Molar Masses'!I$3*'Molar Masses'!I$4 -> 0.079876812 | ... AY78: =V78/'Molar Masses'!M$3*'Molar Masses'!M$4 -> 0.00083843423 | AZ78: =SUM(AN78:AY78) -> 1.8400509 | BC78: =AN78/$AZ78 -> 0.0094781852 | BD78: =AO78/$AZ78 -> 0.22370495 | BE78: =AP78/$AZ78 -> 0.47434196 | BF78: =AQ78/$AZ78 -> 0.21671874 | BG78: =AR78/$AZ78 -> 0.0040215635 | BH78: =AS78/$AZ78 -> 0.02324568 | BI78: =AT78/$AZ78 -> 0 | BJ78: =AU78/$AZ78 -> 0.043410109 | ... BN78: =AY78/$AZ78 -> 0.00045565816 | BO78: =SUM(BC78:BN78) -> 1 | BP78: =(1.5-SUMPRODUCT(BC78:BN78,'Molar Masses'!$B$6:$M$6)) * 2 -> 0.0035130191 | BR78: =BE78 -> 0.47434196 | BS78: =0.5*(BJ78-(BC78+BT78+BU78)) -> 0.012730966 | BT78: =BG78 -> 0.0040215635 | BU78: =2*BL78 -> 0.0044484287 | BV78: =SUM(BS78:BU78)/SUM(BR78:BU78) -> 0.042783294 | BW78: =BJ78-BC78 -> 0.033931924 | BY78: =BJ78-(0.5-BR78) -> 0.017752069 | BZ78: =BV78/BJ78 -> 0.98556061 | CB78: =BC78/BF78 -> 0.043734958 | CC78: =BC78/BJ78 -> 0.2183405
A79: 15 / 7 . | B79: AZ18_WHT01_01_Ext1_CPX2_prof | D79: Primary | I79: AZ18WHT1 | J79: 44013 | K79: 0.563461 | L79: 16.58313 | M79: 52.14631 | N79: 22.75827 | O79: 0.584762 | P79: 3.027284 | R79: 4.119688 | S79: 0.247011 | T79: 0.316942 | U79: 0.083177 | V79: 0.030166 | W79: 100.4602 | X79: 90.710465 | Y79: =(O79/151.99)/((O79/151.99)+(R79/101.96))*100 -> 8.6941702 | AJ79: 30.014857 | AN79: =K79/'Molar Masses'!B$3*'Molar Masses'!B$4 -> 0.018182337 | AO79: =L79/'Molar Masses'!C$3*'Molar Masses'!C$4 -> 0.41144714 | AP79: =M79/'Molar Masses'!D$3*'Molar Masses'!D$4 -> 0.86788579 | AQ79: =N79/'Molar Masses'!E$3*'Molar Masses'!E$4 -> 0.40582228 | AR79: =O79/'Molar Masses'!F$3*'Molar Masses'!F$4 -> 0.0076947431 | AS79: =P79/'Molar Masses'!G$3*'Molar Masses'!G$4 -> 0.0421355 | AT79: =Q79/'Molar Masses'!H$3*'Molar Masses'!H$4 -> 0 | AU79: =R79/'Molar Masses'!I$3*'Molar Masses'!I$4 -> 0.080808872 | ... AY79: =V79/'Molar Masses'!M$3*'Molar Masses'!M$4 -> 0.00040386757 | AZ79: =SUM(AN79:AY79) -> 1.843002 | BC79: =AN79/$AZ79 -> 0.0098656092 | BD79: =AO79/$AZ79 -> 0.22324834 | BE79: =AP79/$AZ79 -> 0.47090876 | BF79: =AQ79/$AZ79 -> 0.22019633 | BG79: =AR79/$AZ79 -> 0.0041751138 | BH79: =AS79/$AZ79 -> 0.022862428 | BI79: =AT79/$AZ79 -> 0 | BJ79: =AU79/$AZ79 -> 0.043846329 | ... BN79: =AY79/$AZ79 -> 0.00021913572 | BO79: =SUM(BC79:BN79) -> 1 | BP79: =(1.5-SUMPRODUCT(BC79:BN79,'Molar Masses'!$B$6:$M$6)) * 2 -> 0.01005468 | BR79: =BE79 -> 0.47090876 | BS79: =0.5*(BJ79-(BC79+BT79+BU79)) -> 0.012749565 | BT79: =BG79 -> 0.0041751138 | BU79: =2*BL79 -> 0.0043064762 | BV79: =SUM(BS79:BU79)/SUM(BR79:BU79) -> 0.043140485 | BW79: =BJ79-BC79 -> 0.03398072 | BY79: =BJ79-(0.5-BR79) -> 0.014755093 | BZ79: =BV79/BJ79 -> 0.98390187 | CB79: =BC79/BF79 -> 0.044803694 | CC79: =BC79/BJ79 -> 0.22500422
A80: 15 / 8 . | B80: AZ18_WHT01_01_Ext1_CPX2_prof | D80: Primary | I80: AZ18WHT1 | J80: 44013 | K80: 0.543001 | L80: 16.78312 | M80: 52.14104 | N80: 22.23489 | O80: 0.589115 | P80: 2.929467 | R80: 4.103884 | S80: 0.229818 | T80: 0.330403 | U80: 0.090714 | V80: 0.075053 | W80: 100.0505 | X80: 91.081423 | Y80: =(O80/151.99)/((O80/151.99)+(R80/101.96))*100 -> 8.7839726 | AJ80: 34.987784 | AN80: =K80/'Molar Masses'!B$3*'Molar Masses'!B$4 -> 0.017522113 | AO80: =L80/'Molar Masses'!C$3*'Molar Masses'!C$4 -> 0.41640913 | AP80: =M80/'Molar Masses'!D$3*'Molar Masses'!D$4 -> 0.86779808 | AQ80: =N80/'Molar Masses'!E$3*'Molar Masses'!E$4 -> 0.39648944 | AR80: =O80/'Molar Masses'!F$3*'Molar Masses'!F$4 -> 0.0077520232 | AS80: =P80/'Molar Masses'!G$3*'Molar Masses'!G$4 -> 0.040774026 | AT80: =Q80/'Molar Masses'!H$3*'Molar Masses'!H$4 -> 0 | AU80: =R80/'Molar Masses'!I$3*'Molar Masses'!I$4 -> 0.080498872 | ... AY80: =V80/'Molar Masses'!M$3*'Molar Masses'!M$4 -> 0.0010048224 | AZ80: =SUM(AN80:AY80) -> 1.8369025 | BC80: =AN80/$AZ80 -> 0.0095389457 | BD80: =AO80/$AZ80 -> 0.22669092 | BE80: =AP80/$AZ80 -> 0.47242468 | BF80: =AQ80/$AZ80 -> 0.21584675 | BG80: =AR80/$AZ80 -> 0.0042201604 | BH80: =AS80/$AZ80 -> 0.022197164 | BI80: =AT80/$AZ80 -> 0 | BJ80: =AU80/$AZ80 -> 0.04382316 | ... BN80: =AY80/$AZ80 -> 0.00054702001 | BO80: =SUM(BC80:BN80) -> 1 | BP80: =(1.5-SUMPRODUCT(BC80:BN80,'Molar Masses'!$B$6:$M$6)) * 2 -> 0.0068533337 | BR80: =BE80 -> 0.47242468 | BS80: =0.5*(BJ80-(BC80+BT80+BU80)) -> 0.012779884 | BT80: =BG80 -> 0.0042201604 | BU80: =2*BL80 -> 0.0045042858 | BV80: =SUM(BS80:BU80)/SUM(BR80:BU80) -> 0.043537289 | BW80: =BJ80-BC80 -> 0.034284214 | BY80: =BJ80-(0.5-BR80) -> 0.01624784 | BZ80: =BV80/BJ80 -> 0.99347672 | CB80: =BC80/BF80 -> 0.044193139 | CC80: =BC80/BJ80 -> 0.21766905
A81: 15 / 9 . | B81: AZ18_WHT01_01_Ext1_CPX2_prof | D81: Primary | I81: AZ18WHT1 | J81: 44013 | K81: 0.566763 | L81: 16.50678 | M81: 52.54318 | N81: 22.20465 | O81: 0.582996 | P81: 2.91406 | R81: 4.116746 | S81: 0.24159 | T81: 0.325211 | U81: 0.093079 | V81: 0.064767 | W81: 100.1598 | X81: 90.988965 | Y81: =(O81/151.99)/((O81/151.99)+(R81/101.96))*100 -> 8.6758485 | AJ81: 39.987784 | AN81: =K81/'Molar Masses'!B$3*'Molar Masses'!B$4 -> 0.01828889 | AO81: =L81/'Molar Masses'!C$3*'Molar Masses'!C$4 -> 0.4095528 | AP81: =M81/'Molar Masses'!D$3*'Molar Masses'!D$4 -> 0.87449101 | AQ81: =N81/'Molar Masses'!E$3*'Molar Masses'!E$4 -> 0.39595021 | AR81: =O81/'Molar Masses'!F$3*'Molar Masses'!F$4 -> 0.0076715047 | AS81: =P81/'Molar Masses'!G$3*'Molar Masses'!G$4 -> 0.040559583 | AT81: =Q81/'Molar Masses'!H$3*'Molar Masses'!H$4 -> 0 | AU81: =R81/'Molar Masses'!I$3*'Molar Masses'!I$4 -> 0.080751164 | ... AY81: =V81/'Molar Masses'!M$3*'Molar Masses'!M$4 -> 0.00086711169 | AZ81: =SUM(AN81:AY81) -> 1.8369205 | BC81: =AN81/$AZ81 -> 0.0099562774 | BD81: =AO81/$AZ81 -> 0.2229562 | BE81: =AP81/$AZ81 -> 0.47606362 | BF81: =AQ81/$AZ81 -> 0.21555109 | BG81: =AR81/$AZ81 -> 0.0041762857 | BH81: =AS81/$AZ81 -> 0.022080206 | BI81: =AT81/$AZ81 -> 0 | BJ81: =AU81/$AZ81 -> 0.043960076 | ... BN81: =AY81/$AZ81 -> 0.0004720464 | BO81: =SUM(BC81:BN81) -> 1 | BP81: =(1.5-SUMPRODUCT(BC81:BN81,'Molar Masses'!$B$6:$M$6)) * 2 -> -0.00030027518 | BR81: =BE81 -> 0.47606362 | BS81: =0.5*(BJ81-(BC81+BT81+BU81)) -> 0.012697026 | BT81: =BG81 -> 0.0041762857 | BU81: =2*BL81 -> 0.0044334614 | BV81: =SUM(BS81:BU81)/SUM(BR81:BU81) -> 0.042838845 | BW81: =BJ81-BC81 -> 0.034003799 | BY81: =BJ81-(0.5-BR81) -> 0.020023695 | BZ81: =BV81/BJ81 -> 0.97449432 | CB81: =BC81/BF81 -> 0.046189873 | CC81: =BC81/BJ81 -> 0.22648454
